商品名称,封面图链接,价格,商家店名
特产馆辣条好肉麻辣条小时候的小零食90后怀旧好肉麻手撕牛味好肉麻30包好肉麻10包,https://img11.360buyimg.com/n7/jfs/t1/214981/3/6570/180536/61aa0c66E8e1d3bc1/f766820f325c7795.jpg,14.8,华运食品专营店
"妙洁抗菌海绵百洁布洗碗清洁海绵易吸水去油污实惠10片装多色区分								11日20点钜惠开抢,妙洁清洁部分满199减100,爆款2件6折，叠领券满199再减35,下单送超多实物好礼，快来进店囤货吧!点击查看",https://img10.360buyimg.com/n7/jfs/t1/173536/21/22202/96327/61b30b2cE6dbf96a8/d95a303ca1240ca8.jpg,14.8,妙洁京东自营旗舰店
"利临扫把扫帚防风梳齿型白色簸箕笤帚梳齿型篦齿畚箕扫地搓斗家用(组合2件套装)								今晚8点，家庭清洁双十二全场特惠，免手洗拖把、智能垃圾桶、抽绳垃圾袋、一次性抹布、玻璃擦、魔术扫把、进口清洁，更多好物年底大狂欢，点击参与！",https://img11.360buyimg.com/n7/jfs/t1/152640/23/9955/127486/5fd709f7E652dec57/5b054ff1ab12e8b4.jpg,15.8,利临家居京东自营专区
【家乡好味道_网红蛋黄锅巴220gx4袋】蟹香蛋黄味蟹黄味休闲零食蛋黄味,https://img10.360buyimg.com/n7/jfs/t1/187892/32/17142/253536/610e4238E486e0a14/0a759287dccc1129.jpg,234,德恒食品专营店
"茶花洗脸盆27CM塑料盆子家务清洁洗菜盆颜色随机发货0505								【11日20点-茶花清洁双十二全场特惠】满折+领券，优惠折上折，免手洗拖把、脸盆、垃圾桶、抹布等超多商品,等您来抢！(此商品不参加上述活动)",https://img12.360buyimg.com/n7/jfs/t1/156404/20/23113/417609/61810d04E255f18b7/7e057f967c6e5288.jpg,8.9,茶花京东自营旗舰店
"百家好世免手洗平板拖把办公室木地板懒人擦地墩布自动回弹家用吸水托地把除尘清洁拖地神器共3块布								爆款平板拖把12.12限时秒杀18.8元，下单1件7.5折2件6.5折，单件到手仅12.3元，历史低价，数量有限！立即抢购",https://img12.360buyimg.com/n7/jfs/t1/138363/24/24519/201465/61b45cc1E5db2048c/22c96235e0b0b376.jpg,18.8,百家好世京东自营旗舰店
林清玄散文集全4册愿你归来仍是少年岁月静好不忘初心不恋过往不负流年心外无物随遇而安预售,https://img12.360buyimg.com/n7/jfs/t1/209037/7/12073/341680/61b17281Ec3b80c80/39c06d10d56bc31a.jpg,64.8,华越图书专营店
"川泽鱼钩绑好子线双钩鱼钩套装伊豆金海夕鱼钩防缠绕成品全套双钩有刺海夕2(钩3#线0.6#+钩4#线0.8#)各10付共20付								川泽鱼钩绑好子线双钩鱼钩套装伊豆金海夕鱼钩防缠绕成品全套双钩有刺海夕2(钩3#线0.6#+钩4#线0.8#)各10付共20付",https://img13.360buyimg.com/n7/jfs/t1/173129/37/22107/256952/61b4514eEeb89a88f/775f0d72818627f8.jpg,19.8,川泽旗舰店
"【一喷见效】男性延时喷剂印度神油男用延迟喷雾男士持久射不延长膏硬久外用暂时环性用品成人夫妻房事廷时8ml：升级款不麻木【可用30次左右】								全国7大仓就近发货，部分地区当日达!【上百人测试，效果巨好！不满意可退】房事享受，没有麻木，只有快感！包装无敏感词汇，护您隐私！",https://img14.360buyimg.com/n7/jfs/t1/174475/13/14401/113083/60c45536E2581dc24/e8b54f9d500efe34.jpg,85,匠心济世大药房旗舰店
桂花糕适合中老年人父母吃的营养健康食品长辈礼品零食小吃250g手工桂花糕(适合牙口不好的老人),https://img13.360buyimg.com/n7/jfs/t1/202246/25/12205/209145/619b49e9Ee28f1dc1/aef641c30e6c61f5.jpg,96,启星休闲零食专营店
"广博(GuangBo)20cm软直尺办公学生学习文具绘图尺子单把装颜色随机H05015								【12.12年末7折狂欢】爆款软直尺低至2件8折3件7折，到手价￥1.75，更有满额送百元E卡！速抢！",https://img12.360buyimg.com/n7/jfs/t1/68713/29/17289/184946/61234250E86c02cd6/568b378c99443dc5.jpg,2.5,广博京东自营官方旗舰店
"美丽雅静电除尘掸不扬灰吸尘神器家务清洁缝隙除尘刷扫灰家用鸡毛掸组合装共3块除尘掸布								【11日20点开抢】前6小时限时加赠，部分限时立减抢不停！更多超低优惠惊喜等你来抢优惠猛戳！(此商品不参加上述活动)",https://img10.360buyimg.com/n7/jfs/t1/168935/39/26344/560536/61b45fd1E9cdaf3ea/9fb550f32eda014b.jpg,18.8,美丽雅京东自营旗舰店
5折海鲜礼盒1596g大连特产零食一整箱组合装年货礼盒当鲜好礼1596g-大红色,https://img14.360buyimg.com/n7/jfs/t1/215898/1/5891/108746/619f4798Ebed9cf0c/94261c53bce4c697.jpg,785,恒立天丰食品专营店
"除味茶叶梗新房去甲醛新车用吸甲醛茶叶包铁观音茶叶茶骨去味吸味包								【茶梗好，才有效！安溪铁观音茶梗每箱10包装，醇厚浓香型！】【附送分装袋+强力粘钩，立体除味，快速入住！】【更有清香型茉莉花茶梗火热销售中，点击查看！】",https://img13.360buyimg.com/n7/jfs/t1/158959/3/7710/302048/602fbcd9Eca3b0d85/613f91b9a9f952d3.jpg,49.8,微光树家居旗舰店
"大卫天然羊毛可收纳除尘掸子拓朴家用扫灰天花板蜘蛛网清洁神器大扫除鸡毛掸								家庭清洁全场特惠，免手洗拖把、智能垃圾桶、抽绳垃圾袋、一次性抹布、玻璃擦、魔术扫把、进口清洁，更多好物点击一次购齐！",https://img13.360buyimg.com/n7/jfs/t1/176655/38/7276/57534/608bd96bE4d65ca30/98d12f056df7e293.jpg,54.5,大卫清洁京东自营旗舰店
石脆佳（Crush）重庆石柱特产石好佳薯片麻辣洋芋片土豆片果果膨化零食品整箱60克独立装10包（麻辣）收藏送小吃,https://img11.360buyimg.com/n7/jfs/t1/159973/33/22956/749022/6168f0ecE442825f0/07dac804188a5da4.jpg,24.62,重庆美食馆优创店
"五月花拖把特大号刮刮桶免手洗拖把干湿两用平板拖布家用墩布网红懒人拖地神器2拖把4配布								【五月花12.12巅峰盛宴】全店直降！爆款刮刮桶到手价119，限时赠扫把套装！手慢无，快冲！点击即刻拥有！",https://img10.360buyimg.com/n7/jfs/t1/217701/27/3633/143783/61889677E5ec4cbef/52da9ccae632fc96.jpg,239,五月花京东自营官方旗舰店
"北京同仁堂菊花决明子茶枸杞胎菊牛蒡根蒲公英非五宝熬夜栀子茶金银花桂花组合花草茶袋泡养生茶饮三袋装决明子养肝护肝茶3袋90包(周期装)								中华老字号，百年同仁堂!好茶好方，搭配人参玛咖五宝茶立减30，强烈推荐！点击抢购",https://img14.360buyimg.com/n7/jfs/t1/206135/29/15716/556193/6194cb5aE919870ad/b7deccb0938a0f5b.jpg,99,至名温树旗舰店
5折【京东好物】花椒锅巴6袋装花椒世家手工锅巴网红麻辣零食陕西特产小吃【3口味6袋装】椒香味+麻辣味+爆辣味,https://img13.360buyimg.com/n7/jfs/t1/164650/13/8976/233502/60442884E58e10c2c/cc76dfe8b620e127.jpg,181,博斯雅食品专营店
"维力健（VELPEAU)颈托护颈椎家用固定支撑护颈带脖套医用颈椎牵引器低头族脖子透气保暖成人男女高雅灰颈长7.5cmM								【12.12年终大促】【疯狂五小时！限时8.5折！】【一类医疗器械认证丨多国品牌商标注册备案】【美国FDA认证】【辣目洋子小红书推荐好品！】【下单即赠换洗套筒】",https://img11.360buyimg.com/n7/jfs/t1/208434/14/11720/356730/61adbb8bEd0293ed6/2441ec6f2d1fe93c.jpg,138,维力健保健器械官方旗舰店
"e洁解忧款自动收口垃圾袋加厚家用款手提式穿绳抽绳免撕式清洁袋45cm*50cm*72只								今晚8点，家庭清洁双十二全场特惠，免手洗拖把、智能垃圾桶、抽绳垃圾袋、一次性抹布、玻璃擦、魔术扫把、进口清洁，更多好物年底大狂欢，点击参与！",https://img14.360buyimg.com/n7/jfs/t1/139239/40/23183/125207/61b44199E586e290d/30e315393b9fdf84.jpg,15.5,e洁京东自营旗舰店
5折高点零食糕点早餐老年人牙口不好宵夜速食懒人食品老婆饼散装绿豆味3斤,https://img11.360buyimg.com/n7/jfs/t1/144813/25/20963/201023/61794168E24df86c1/1b383596a0db164d.jpg,143,金沛食品专营店
"一杯香安溪茶叶铁观音特级2盒共250g礼盒装2021新茶清香型乌龙茶青茶散装茗茶								茗茶双十二狂欢购开启，爆品限时直降，京贴每满200减20，速戳来抢！",https://img13.360buyimg.com/n7/jfs/t1/201942/3/18501/364406/61b46e95Edd0667f7/93c948c2a8781241.jpg,106,一杯香茶叶京东自营旗舰店
"上海女人花好月圆礼盒雪花膏4件套礼盒（雪花膏80g*4随机发货）								【京致好物双十二】领券满119减20，甄选家乡好味道，更有超值好物2件5折，等你来抢~戳这里",https://img11.360buyimg.com/n7/jfs/t1/18108/6/6025/321642/5c480311Ef9aa7ff5/3d78afd6119e8daf.jpg,44,上海化妆品京东自营旗舰店
"富贵竹水培植物绿萝盆栽发财树绿植室内好养花卉植物四季常青富贵竹60-70cm10颗（不含盆）1								下单送营养液",https://img12.360buyimg.com/n7/jfs/t1/18682/19/7200/355464/5c680266Ea51cb290/1c3172c2029af72a.jpg,10,春枝韵官方旗舰店
"一三五八乐活洗鞋刷子组合套装2个多用清洁鞋刷板刷（长柄+握式）小刷子XR-108034								今晚8点，家庭清洁双十二全场特惠，免手洗拖把、智能垃圾桶、抽绳垃圾袋、一次性抹布、玻璃擦、魔术扫把、进口清洁，更多好物年底大狂欢，点击参与！",https://img13.360buyimg.com/n7/jfs/t1/10212/2/11050/423667/5c6b63aeE087d9212/15d7866320d1493f.jpg,16.5,一三五八京东自营旗舰店
"川品社路亚浮钓草鱼线组手工钓鱼神器子线洛阳球球钓浮专用线套装全套绑好前导线路亚款【手工精绑-1米】2号								【路亚浮钓草鱼】手工精绑，2件9折，3件8.8折【促销优惠】下单赠送鱼钩一包路亚钢丝前导线点击购买",https://img13.360buyimg.com/n7/jfs/t1/205425/34/18082/220776/61b4003eEc944cec9/a02a1672762580f0.jpg,11.66,川品社渔具旗舰店
【明星推荐】老海公黄鱼酥海工香酥小黄鱼即食海鲜特产特色鱼干小鱼仔休闲食品零食网红海味原味250g*4袋,https://img10.360buyimg.com/n7/jfs/t1/171885/8/22664/204809/61b19aa5E2238bc3e/8738385cc3bcc47c.jpg,159,老海公旗舰店
"DOROCH虎年公仔吉祥物毛绒玩具娃娃新年礼物生肖手办年会礼品玩具创意玩偶抱枕小礼品新年小福虎送礼								DOROCH虎年公仔吉祥物毛绒玩具娃娃新年礼物生肖手办年会礼品玩具创意玩偶抱枕小礼品新年小福虎送礼",https://img12.360buyimg.com/n7/jfs/t1/170851/31/22625/100607/617ba226E5e9c59d1/e6b5970c38a00995.jpg,16.9,DOROCH鲜花京东自营旗舰店
"健牌儿童软毛牙刷3-6岁宝宝小孩乳牙牙刷JD613（颜色随机1支装）小刷头细毛洁齿护龈								健牌儿童软毛牙刷3-6岁宝宝小孩乳牙牙刷JD613（颜色随机1支装）小刷头细毛洁齿护龈",https://img11.360buyimg.com/n7/jfs/t1/109577/12/19217/384258/615c21eaEb7868d72/18c8a2874b1baeb9.jpg,18.9,健京东自营旗舰店
"味滋源去骨藤椒凤爪无骨鸡爪子脱骨即食卤味网红休闲零食熟食小吃麻辣泡椒味凤爪200g								味滋源去骨藤椒凤爪无骨鸡爪子脱骨即食卤味网红休闲零食熟食小吃麻辣泡椒味凤爪200g",https://img13.360buyimg.com/n7/jfs/t1/206878/23/5081/148194/61668cb8E9718215b/76cbee7a702ff0cb.jpg,18.9,味滋源京东自营旗舰店
"渔道YD小型鱼孔雀鱼红绿灯鱼粮慢沉性不浑水热带鱼高蛋白观赏鱼饲料100g破碎颗粒								水族直播间，你想要的小鱼这儿都有~等你来抢戳这里",https://img12.360buyimg.com/n7/jfs/t1/187368/36/8687/91090/60cab87cE0b28ec09/66c2330dc6f51d07.jpg,11.5,嘉露（jL）宠物生活京东自营专区
"神采奕奕龙珠抽奖100入儿童玩具弹力球抽奖大中小号实心蹦蹦跳跳球超市门口摸奖5*100入（一板）								童年玩具抽奖，带抽奖券，下单后极速发货.",https://img10.360buyimg.com/n7/jfs/t1/216357/9/288/283798/6167e542Eaf319f74/5bed0f8c286ceff5.jpg,52,神采奕奕旗舰店
比克曼生物一次性塑料接种环采样棒实验室用耗材1ul10微升独立灭菌1ul10支/小包*50小包=500支,https://img14.360buyimg.com/n7/jfs/t1/185317/6/1595/97763/608ba085E3fea431a/2444038cb8584865.jpg,112.5,比克曼办公专营店
"拾点渔商务贺卡年会感恩心愿卡礼物送老师同学烫金礼品卡明信片创意生日卡片商务送礼送男女红色感恩4张								【京仓直配,极速送达】TaTanice&拾点渔品牌联合促销中,千万不要错过！更多精彩内容，速戳",https://img11.360buyimg.com/n7/jfs/t1/200545/13/15737/179160/6183a555Eb4117248/c6a459c3b1a380ba.jpg,18.8,拾点渔礼品京东自营旗舰店
"神奇牙刷创意环保小麦秸秆洗漱杯子漱口杯牙杯								神奇牙刷创意环保小麦秸秆洗漱杯子漱口杯牙杯",https://img12.360buyimg.com/n7/jfs/t1/156424/6/22766/89195/617fa0ccE3237b528/4ef646940153e3d3.jpg,18.9,神奇牙刷京东自营旗舰店
"武老三小麻花海苔味128g休闲零食特产麻花办公室零食小吃								武老三小麻花海苔味128g休闲零食特产麻花办公室零食小吃",https://img13.360buyimg.com/n7/jfs/t1/196932/31/18353/153334/619e0d0bE1d6cf2a3/6efe69a7acbff948.jpg,9.9,武老三京东自营旗舰店
"来伊份面筋卷烧烤味香弹儿时怀旧网红小吃豆干辣条零食118g/袋								【来伊份・新鲜零食】自营急速达！万份爆款满199减100！加入会员折上折！(此商品不参加上述活动)",https://img10.360buyimg.com/n7/jfs/t1/212669/25/2819/188192/61810063E62202c7c/ac6af54b7b579598.jpg,19.9,来伊份京东自营旗舰店
"薇娅推荐阿婆家的手工小麻花礼盒装休闲零食饼干小吃多口味独立包装500g								【京致好物双十二】领券满119减20，甄选家乡好味道，更有超值好物2件5折，等你来抢~戳这里",https://img13.360buyimg.com/n7/jfs/t1/212852/35/7419/164958/61b44f92E9ac0db3f/9ef4185e6cf1aeab.jpg,18.7,阿婆家的京东自营旗舰店
【159元选16件】薄荷健康低脂鸡肉脆似薯片多口味薄脆控卡非油炸非膨化即食休闲办公小零食【低脂鸡肉脆】香辣味30g,https://img10.360buyimg.com/n7/jfs/t1/216227/20/7337/279799/61b30fd3E87ff0013/9961d36fb8316dc9.jpg,18.8,薄荷健康官方旗舰店
"得力(deli)2019新版人民币点钞机智能语音小型数钱机商用智能家用国标C级验点钞机33300S								得力(deli)2019新版人民币点钞机智能语音小型数钱机商用智能家用国标C级验点钞机33300S",https://img11.360buyimg.com/n7/jfs/t1/54551/26/10401/289712/5d7851b4Ed6183a96/19e91dfeaf7e57fc.jpg,359,得力京东自营官方旗舰店
"夕风生日礼物女生送女朋友小夜灯圣诞节礼物圣诞平安夜女孩儿童老婆女友闺蜜女士解压玩具减压玩偶小礼品实用								【12.12年终盛典】京东12.12甄选好物清单，部分产品每满200减20，更多精彩内容，速戳",https://img14.360buyimg.com/n7/jfs/t1/167048/24/17916/116325/60766222Eece4eabb/c54643d436295723.jpg,53,夕风礼品京东自营旗舰店
"米家智能晾衣机电动晾衣架智能无线遥控升降阳台晾衣机伸缩晾衣杆LED照明自带母婴挂钩小米								【12.12日0点起到手价849】12月12日0点至24点下单立省50！一键升降，米家APP智能控制，自带照明，纵享美好生活查看",https://img11.360buyimg.com/n7/jfs/t1/170253/24/27078/286908/61b3319fE515a1bc7/4f501ac0bb370b80.jpg,899,小米京东自营旗舰店
"蜀道香蜜辣肉脯100g休闲零食肉干肉脯猪肉脯特产小吃								蜀道香蜜辣肉脯100g休闲零食肉干肉脯猪肉脯特产小吃",https://img13.360buyimg.com/n7/jfs/t1/6912/35/14852/170685/612f21fdEd734eb56/4b7c47bad9f11e28.jpg,9.9,蜀道香京东自营旗舰店
"美的（Midea）快捷微波炉家用小型迷你360°转盘加热旋钮操控精准控温五档火力易洁内胆M1-L213B								【12.12家电年度好物盛典，保价12.12，买贵退差】【防水墙设计】防水防尘【行业热销爆品】转盘加热，均匀又快捷；旋钮操控，简单易上手，易清洁内胆戳",https://img13.360buyimg.com/n7/jfs/t1/206834/31/12344/474929/61b329d4E1dd4705c/cc9649d1d3daf3ac.jpg,319,美的京东自营官方旗舰店
荷美尔（Hormel）牛肉干肉干肉脯组合装休闲零食小吃特产熟食肉类牛肉撩心小辣味35g*5袋装,https://img10.360buyimg.com/n7/jfs/t1/197429/18/19484/1029657/61ad8f52E92861a06/39f38818f815b2c8.png,99,荷美尔(Hormel)旗舰店
"京品数码	漫步者（EDIFIER）LolliPods真无线蓝牙耳机半入耳式耳机萝莉Pods通用苹果华为小米手机白色								【12.12狂欢盛典，错过等明年】优惠40元，到手价138元！【JD自营】半入耳设计，高通蓝牙5.0，aptx音频解码，24h续航，防水设计！好货抢先购",https://img14.360buyimg.com/n7/jfs/t1/175845/31/22300/70687/61b04e83E24f02145/94bc49cdae045e4d.jpg,148,漫步者京东自营旗舰店
"魔究即食鱼豆腐烧烤味零食小吃Q弹鱼豆腐72g海味特产馋嘴美味小食								魔究即食鱼豆腐烧烤味零食小吃Q弹鱼豆腐72g海味特产馋嘴美味小食",https://img12.360buyimg.com/n7/jfs/t1/204214/30/13673/136362/617f82d6E0ead7a96/a9648ea3e353b8c7.jpg,15.6,魔究京东自营旗舰店
"海尔（Haier）一级能效5升迷你上出水电热水器小厨宝1750W速热小尺寸大水量连续出水21L专利防电墙EC5FA								【12.12家电年度好物盛典】【下单不高于429元！】1750W快速加热！小尺寸，大水量，持续出水21L！请购买带有专利防电墙的小厨宝！【高精度前置过滤器】",https://img11.360buyimg.com/n7/jfs/t1/205706/29/18329/134165/61b48d93Ecf91e03b/9a8b0b7023338569.jpg,429,海尔京东自营旗舰店
"雷蛇Razer巴塞利斯蛇X极速版小巴蛇无线鼠标游戏鼠标轻量便携吃鸡鼠标右手鼠标16000DPI6键自定义编程								2.4G+5.0蓝牙双模式连接【PAW3369光学引擎】【约5000万次点击寿命】【6个可编程按键】",https://img14.360buyimg.com/n7/jfs/t1/162406/14/26898/308844/61aeba9eE0c390e38/03893963b8dc15ef.jpg,169,雷蛇（Razer）京东自营官方旗舰店
"美的（Midea）5升迷你上出水电热水器小厨宝蓝钻内胆安全防护小尺寸1650W速热F05-15A1（S）								【12.12家电年度好物盛典】【到手价369】【美的爆款迷你厨宝】【1650W功率升级！节能省电！】【收藏加购抽2998元净水器】【8年保修】",https://img11.360buyimg.com/n7/jfs/t1/167164/20/23155/136223/61b4a367Ee05d1aeb/28d4108022ed6e07.jpg,369,美的京东自营官方旗舰店
章鸭子香辣鸭爪鸭脚鸭掌520g网红小零食小吃休闲卤味食品下酒菜香辣味【20个共520g】,https://img14.360buyimg.com/n7/jfs/t1/144790/15/24974/221568/61a97056E12c06ab4/5f097bece1cdc944.jpg,37.8,章鸭子食品官方旗舰店
"小米手环6NFC版全面彩屏离线支付30种运动模式24h心率检测50米防水智能手环运动手环								【小米手环6NFC】全面彩屏30种|运动模式|24h心率检测|50米防水点击购买【小米手环6】速戳》",https://img13.360buyimg.com/n7/jfs/t1/219952/3/7362/136246/61b4053aE54a0569c/4ba99bb978fdb6e4.jpg,249,小米京东自营旗舰店
"海尔（Haier）216升直冷三门三温区家用租房低音节能小冰箱小巧不占地中门软冷冻BCD-216STPT以旧换新								【年终狂欢盛典，火爆开抢中】【两天约用1度电】限量抢到手价不高于1399*大品牌有保障实用小冰箱【抽奖赢电视】",https://img11.360buyimg.com/n7/jfs/t1/220707/7/7258/130167/61b30905Edc3a36dc/417439c00a1bc316.jpg,1399,海尔京东自营旗舰店
"格兰仕20升快捷家用六档火力旋钮易清洁小型迷你微波炉P70D20TL-D41-2人适用								【12月11日，晚8点全面开抢，到手价不高于319元！】家用经典款，20升转盘均匀加热！旋钮操控简单易上手，6档火力可调节！更有烤箱购物指南！点此",https://img13.360buyimg.com/n7/jfs/t1/216518/17/7287/136647/61b32105E399b33df/2f4728565e37aac2.jpg,319,格兰仕生活电器京东自营旗舰店
"莱克吉米除螨仪B501吸尘器家用床上小型手持紫外线杀菌去螨虫神器超声波升级款除螨机【5系明星款】								【12.12年终狂欢，狂欢价469元，手慢无，终身送滤芯】高温热风除湿，53200次/分专利滚刷拍打，超声波物理级除螨，专业级紫外线杀菌，国际SGS专业除螨认证",https://img14.360buyimg.com/n7/jfs/t1/150603/4/9932/158969/5fd0ef40E97bb3fc1/bef92e94f5cd7587.jpg,469,莱克吉米京东自营旗舰店
"神采奕奕弹力球抽奖100入龙珠实心儿童弹力球玩具抽奖蹦蹦跳跳球小卖铺门口摸奖5*100入（一板）								神采奕奕弹力球抽奖100入龙珠实心儿童弹力球玩具抽奖蹦蹦跳跳球小卖铺门口摸奖5*100入（一板）",https://img12.360buyimg.com/n7/jfs/t1/211279/25/6608/149086/61765bcfEa739ae5e/28f6615ededd6dcf.jpg,52,神采奕奕旗舰店
来伊份猪肉脯猪肉干肉脯靖江特产休闲零食网红猪肉干小傻居零食追剧充饥夜宵小傻居碳烤风味肉脯105g,https://img14.360buyimg.com/n7/jfs/t1/155864/3/24992/188775/61a863dcEd98e596a/2aa996ebbf535adf.jpg,18.8,来伊份旗舰店
"小米手环6全面彩屏30种运动模式24h心率检测50米防水智能手环运动手环离线支付								【小米手环6】全面彩屏30种|运动模式|24h心率检测|50米防水点击购买【小米手环6NFC】速戳》",https://img13.360buyimg.com/n7/jfs/t1/219043/11/7325/137617/61b40500E2e6b7101/637e53065cc8b5c7.jpg,209,小米京东自营旗舰店
"小米无线键鼠套装简洁轻薄全尺寸104键键盘舒适鼠标2.4G无线传输电脑办公套装								小米无线键鼠套装简洁轻薄全尺寸104键键盘舒适鼠标2.4G无线传输电脑办公套装",https://img14.360buyimg.com/n7/jfs/t1/214628/2/7180/414088/61b2b39fE102a9817/cbae1c40ad2bc260.jpg,79,小米京东自营旗舰店
"先马（SAMA）平头哥M2Mini小机箱支持M-ATX主板240水冷/钢化玻璃侧透/背线/独立电源仓/USB3.0								先马（SAMA）平头哥M2Mini小机箱支持M-ATX主板240水冷/钢化玻璃侧透/背线/独立电源仓/USB3.0",https://img14.360buyimg.com/n7/jfs/t1/176080/32/22314/174382/61b40754Ed99144e3/5a22c117cb6e189a.jpg,99.9,先马SAMA京东自营旗舰店
"拾点渔贺卡生日心愿卡圣诞节礼物送老师同学烫金礼品卡明信片创意生日卡片商务送礼送男女4张含信封								【京仓直配,极速送达】TaTanice&拾点渔品牌联合促销中,千万不要错过！更多精彩内容，速戳",https://img10.360buyimg.com/n7/jfs/t1/198490/14/10646/158719/6154463cE6f1fb252/c42a779735166d5a.jpg,9.9,拾点渔礼品京东自营旗舰店
"惠寻原生木浆整箱婴儿抽纸纸巾面纸擦手纸卫生纸4层14包小规格便携装								【2件9折】惠寻云柔芯拉拉裤XL46片，单片低至0.78【柔芯呵护】轻柔薄觉，海量能吸【弹力隔边】不勒肤，防漏尿速速点击~(此商品不参加上述活动)",https://img13.360buyimg.com/n7/jfs/t1/51496/12/16016/104702/61382207Efb52eb11/f63cfe5dc65ab08d.jpg,12,惠寻京东自营旗舰店
章鸭子香辣鸭爪鸭脚鸭掌520g网红小零食小吃休闲卤味食品下酒菜香辣味【20个共520g】,https://img14.360buyimg.com/n7/jfs/t1/144790/15/24974/221568/61a97056E12c06ab4/5f097bece1cdc944.jpg,37.8,章鸭子食品官方旗舰店
"TCL7公斤全自动波轮小型洗衣机一键脱水24小时预约洗衣机小型便捷(宝石黑)XQB70-36SP								【12.12家电年度好物盛典】【抢购价699】【3年整机保修】【爆售26万+口碑力荐】【居家租房必备洗衣机/强劲动力/不伤衣内桶/浸泡洗衣】*",https://img12.360buyimg.com/n7/jfs/t1/162174/33/26598/139247/61b4156bE7e5b271b/1cef386ba3a42921.jpg,669,TCL京东自营官方旗舰店
"小米盒子4Swifi双频智能网络电视机顶盒H.265硬解安卓网络盒子高清网络播放器HDR无线投屏白色								小米盒子4Swifi双频智能网络电视机顶盒H.265硬解安卓网络盒子高清网络播放器HDR无线投屏白色",https://img14.360buyimg.com/n7/jfs/t1/194782/12/20205/42848/6128ef8bE82f82205/b39fd997f1212805.jpg,279,小米京东自营旗舰店
"全品屋床上电脑桌床上书桌大号可折叠桌子笔记本电脑桌卧室坐地懒人床上桌宿舍神器学生多功能小桌子【福利款】黑金丝【杯托+卡槽】60*40*28（刷...								钜惠狂欢11月10日20点开抢！卡槽+杯托款，元价26.9，活动福利价只要19.9",https://img13.360buyimg.com/n7/jfs/t1/204715/33/7026/182663/6168de50Edaf81729/990abfda97ab9e50.jpg,19.8,全品屋家具官方旗舰店
"小熊（Bear）养生壶热水壶煮茶器煮茶壶电水壶恒温电热水壶保温花茶壶YSH-A15W6带滤网1.5L烧水壶								【超级秒杀】到手仅119！狂省60！错过真悔哭！速速抢购！【百万销量】99%好评！品类DI一！值得信赖！认准小熊！【温控精准】20大菜单！一分钱一分货戳",https://img10.360buyimg.com/n7/jfs/t1/209482/37/12354/144205/61b38694E2b2be346/9de3e9eac0c3064a.jpg,129,小熊京东自营旗舰店
"小洁暖宝宝暖贴暖宝宝贴暖身贴防寒保暖贴自发热贴即贴暖宝宝贴20片装								我们不吹嘘，认真做好每一片南极人护颈仪：TENS脉冲，小巧便携，9档力度，精美外观，送",https://img10.360buyimg.com/n7/jfs/t1/174523/11/22357/189042/61a72fa6E48b89f9f/4835c3f13e89cd62.jpg,8.9,春田电器专营店
【3盒装】窝小芽鲜虾片儿童零食虾饼磨牙饼干＞50%三文鱼鲜虾含量无添加食盐非油炸52%三文鱼鲜虾片*3,https://img11.360buyimg.com/n7/jfs/t1/212450/37/7448/245355/61b38929E2f6275ce/1315162ff5265d04.jpg,59,窝小芽生鲜官方旗舰店
"米家小米冲牙器洗牙器美牙仪高频脉冲水流4档模式4种专业喷嘴45天续航MEO701								【12.12家电年度好物盛典！小米重磅放价！】【到手低至199元！劲享每满200-20！】【自营出品，品质有保障，价保30天！】更多",https://img11.360buyimg.com/n7/jfs/t1/145246/25/22553/84401/61af35d4E700dd4dd/c3796a16f1cda2b4.jpg,199,小米京东自营旗舰店
"西部数据(WD)1TB移动固态硬盘（PSSD）ElementsSE新元素SSDUSB3.2接口便携小巧耐用坚固防震兼容Mac								【12.12狂欢来袭，76H疯狂特价】轻薄小巧，出色性能，办公利器，更高速，更精彩！【4T千兆固态限时抢购】【立享惊爆价】",https://img13.360buyimg.com/n7/jfs/t1/161768/9/28508/327835/61b2c04cE68f978a2/9d7c1dc523226b3c.jpg,699,西部数据京东自营旗舰店
"咬肌训练器瘦脸神器小V脸锻炼下颌下颚法令纹面部肌肉美容球粉色								此产品为入口用品，为了您和他人的卫生健康，入口使用过后，非质量问题不接受退货",https://img10.360buyimg.com/n7/jfs/t1/213984/22/2090/122236/6179015eE98b103d4/e6e5c098069f9a7b.jpg,19.8,艾美顿旗舰店
"小米生态趣家保温杯茶杯水杯funjia茶水分离杯水杯茶杯316不锈钢泡茶杯长保温男士杯子funjia茶水分离杯								【品质好物】安心+省心+放心-【七仓速发】京东快递(99%产品已覆盖)【售后无忧】极速审核赠运费险重磅新品",https://img14.360buyimg.com/n7/jfs/t1/219658/38/2797/52490/61809dceE144bfd7a/89659b6059e313b9.jpg,69,智联优选旗舰店
"科士德闹钟创意学生静音床头简约智能电子钟表可爱儿童数字钟小时钟贪睡懒人多功能闹铃三组闹钟语音报时升级触摸款[雅白]-大屏夜光*大铃声*温度								【12.12】年末钜惠，家居必备闹钟，等你来买哦点击查看查看",https://img13.360buyimg.com/n7/jfs/t1/171664/4/19590/99853/60ee3cbaE2d587bc8/f38234d7a7c558d2.jpg,18.5,科士德旗舰店
劲仔小鱼仔3盒60包小零食香辣麻辣小鱼干独立小包毛毛鱼即食海味圣诞节儿童休闲食品大礼包湖南特产批发2盒共40包【香辣+麻辣】400g,https://img12.360buyimg.com/n7/jfs/t1/204897/31/9749/206098/615e96fdE15167dcf/4e9fc9e8382230a2.jpg,30.9,万佳惠休闲食品专营店
"京东国际	佰澳朗德（Bioisland）海藻油DHA胶囊60粒澳洲原装进口青少年小孩宝宝婴幼儿儿童dha								【包邮免税】【买2瓶相当于每瓶仅需77元】【保质期：2024年10月】【澳洲进口】如您有任何问题都可以联系本店客服的哦，感谢您对本店的支持！Bio系列产品，点击",https://img10.360buyimg.com/n7/jfs/t1/197064/24/6310/237427/6131bbb7E5c90315c/236888bee94eef37.jpg,83,珍品优选海外旗舰店
"【预售】窝小芽儿童卡通馒头30%果蔬泥调色无添加色素防腐剂早餐食品冷冻面点送宝宝辅食电子谱2盒装奇趣多礼盒+妙想多礼盒（1080g）								【预售】窝小芽儿童卡通馒头30%果蔬泥调色无添加色素防腐剂早餐食品冷冻面点送宝宝辅食电子谱2盒装奇趣多礼盒+妙想多礼盒（1080g）",https://img10.360buyimg.com/n7/jfs/t1/220582/9/6493/108319/61a9db57E7c5cb0d0/c3c67400c5d0258d.jpg,299,窝小芽生鲜官方旗舰店
"小米飞行员太阳镜墨镜男女款米家定制灰色UV400有效阻隔紫外线|有效防眩光|弹弓自适应结构								小米飞行员太阳镜墨镜男女款米家定制灰色UV400有效阻隔紫外线|有效防眩光|弹弓自适应结构",https://img14.360buyimg.com/n7/jfs/t1/200839/30/14577/33746/61832de8E1f620600/f6634a674e7ce85a.jpg,79,小米京东自营旗舰店
"adidas阿迪达斯官网男女运动健身小肩包ED6877黑色NS								一款背行方便舒适的收纳包",https://img13.360buyimg.com/n7/jfs/t1/169496/7/26466/212854/61b37a1cEe606cb29/bcc3d0b5ebad8eb6.jpg,92,adidas官方旗舰店
"神采奕奕纯黄铜貔貅十二生肖朱砂葫芦钥匙扣挂件男女创意招1财转运汽车挂饰咬钱貔貅+空心小葫芦（送10g朱砂）								（此材质为黄铜）貔貅一叶生财+生肖铜牌，链接没有显示的生肖也有哦，下单备注或联系客服即可",https://img14.360buyimg.com/n7/jfs/t1/125134/21/18756/193372/615ab9daEda266529/9ac06e31f7a884ba.jpg,15.9,神采奕奕旗舰店
贴纸定做牙签旗定制LOGO国旗鸡尾酒小插旗汉堡水果茶歇蛋糕竹旗蛋糕插旗食品插旗酒吧酒店菜品插牌定制各种牙签旗,https://img14.360buyimg.com/n7/jfs/t1/149117/10/3676/228653/5f1c4199Edd53cda0/9e509f427e01ed81.jpg,10,晟邮旗舰店
"璞韵（PUYUN）毛线围巾手工diy自织团织编织柔软冰条线毛线团粗小熊手编材料包学生情侣围巾男女乳白-网红小熊款【冰条400g+棒针+教程】+神器								400g一共4团，需要礼盒和贺卡请联系客服，创意diy，冬天的第一条围巾送男女友，下单送编织教程+工具，收到货联系客服发教程，下单赠送运费险",https://img12.360buyimg.com/n7/jfs/t1/203082/9/14169/135454/6184cfb3Eaf48042d/c11f8db79f22066d.jpg,49,璞韵官方旗舰店
"小米（MI）米家电动螺丝刀手电钻充电式拆机维修工具组电钻米家电动螺丝刀3.6V								手电钻",https://img13.360buyimg.com/n7/jfs/t1/181857/24/10372/80556/60cff464E83f37133/c200b2c7973d9aaf.jpg,169,小米京东自营旗舰店
"搬运宝BYB-1600经济款平板车手推车折叠手拉车拖车小推车拉车拉货车塑料搬运车小号72x46cm承重300斤								【12.12狂欢购，11日-12日，爆品限时秒杀仅89元】热销超46万台，经济实惠，轻松折叠，方便存放，免安装，开箱就能用！赠送弹力绳！点击》",https://img14.360buyimg.com/n7/jfs/t1/214577/19/7296/162692/61b438acE4c38c833/835b5587b79c2c5f.jpg,89,搬运宝京东自营旗舰店
"MUID圣诞节礼物送女朋友生日礼物送女生送儿童玩具送老婆闺蜜硅胶呆呆鸭小夜灯婴儿卧室床头灯充电喂奶灯								【京东12.12+品质居家年终钜惠】软装好物，暖冬必备。京东12.12年终盛典，每满200减20领券狂欢，更多好物等你来选！速来抢购！",https://img12.360buyimg.com/n7/jfs/t1/172122/26/19964/201380/60f63beaEe6bd7e96/4b901f2a6b836e58.jpg,59,MUID京东自营旗舰店
"小熊（Bear）打蛋器家用电动打蛋机迷你奶油打发器烘焙手持自动搅蛋器搅拌器DDQ-B01K1								【12.12年终盛典】紧急追加500台低至59！错过悔哭！【百万销量】烘焙神器！双棒五档；更享一件包邮哦！！【小熊小家电365天只换不修】》》猛戳",https://img11.360buyimg.com/n7/jfs/t1/143748/6/23154/98930/61b34bc2Ece185054/e6bf2da5f9857d13.jpg,59,小熊京东自营旗舰店
贴纸定做牙签旗定制LOGO国旗鸡尾酒小插旗汉堡水果茶歇蛋糕竹旗蛋糕插旗食品插旗酒吧酒店菜品插牌定制各种牙签旗,https://img14.360buyimg.com/n7/jfs/t1/149117/10/3676/228653/5f1c4199Edd53cda0/9e509f427e01ed81.jpg,10,晟邮旗舰店
"京品数码	联想USB3.0转千兆网口转RJ45有线网卡扩展坞转接头笔记本电脑USB3.0*3分线器小新拯救者拓展坞F1-U03								【一年质保】USB3.0*3高速传输.千兆网口.即插即用.铝合金材质高效散热.多系统兼容.质保一年以换代修点击查看爆款hub》",https://img13.360buyimg.com/n7/jfs/t1/181586/26/19238/137667/611a28b3E85ecad17/45832c045df0029a.jpg,89,联想京东自营旗舰店
"米家小米毛球修剪器去毛球器打除吸刮黏剃毛球器衣服起球充电式家用MQXJQ01KL【1年质保】								【前900名到手低至37.9元！数量有限先到先得！】【年终狂欢盛典！小米重磅放价！错过等一年！】【自营出品，品质有保障，价保30天！】更多",https://img11.360buyimg.com/n7/jfs/t1/207275/37/11889/112362/61b33b59Ed3fed1a7/bb440cbab15dda2a.jpg,37.9,小米京东自营旗舰店
"梦多福音乐盒八音盒水晶球圣诞节礼物儿童小女孩生日礼物送女友女生幼儿园玩具送5/7-14岁小学生芭蕾跳舞十二6岁风灯自动飘雪摆件小夜灯女儿4/8...								【1】满2件打9折；满5件打8.60折【2】六角和四角尺寸不一样【3】礼盒带绳子可手提【4】风灯内饰不能旋转【5】顺序播放5首音乐【5】六角花仙子款式点击购买",https://img11.360buyimg.com/n7/jfs/t1/202030/2/6913/150608/61431216Eb2cc31b1/bb0a62bc6b68b6a7.jpg,128,智特优礼品专营店
"德芙巧克力礼盒装糖果圣诞节情人节礼物圣诞生日礼物女生送女友女朋友老婆女孩男友平安夜表白花束零食大礼包小心心送给你浪漫双层礼盒								【限时特价69】【买贵退差，保价】【圣诞节礼物提前购买享优惠】【生日礼物】【德芙巧克力组合套装】【15天无理由退换货】【圣诞节礼盒，温暖你的12月，点击查看】",https://img11.360buyimg.com/n7/jfs/t1/207596/17/3697/194769/615ba7e0Ed230a167/63c62dc8e3e3badf.jpg,89,爱巧儿巧克力专营店
"礼意久久圣诞节圣诞礼物送女生女友施华洛世奇锆一周耳钉套装香水口红礼盒生日礼物送老婆女朋友表白礼平安夜								【京东12.12+品质居家年终钜惠】软装好物，暖冬必备。京东12.12年终盛典，每满200减20领券狂欢，更多好物等你来选！速来抢购！",https://img10.360buyimg.com/n7/jfs/t1/159879/25/21338/148343/61a0ab49E87ed7623/ad9994e64d4b9a6f.jpg,379,礼意久久京东自营旗舰店
卫龙辣条休闲小零食亲嘴烧红烧牛肉味600g/盒豆干素肉大刀肉辣片大礼包办公室宿舍麻辣小吃,https://img12.360buyimg.com/n7/jfs/t1/201518/19/6031/202446/613883d0E29e1c3db/f27328794e38f87a.jpg,21.9,卫龙京东自营旗舰店
"美菱(MELING)100升冰柜冷藏冷冻转换家用低霜冷柜迷你一级能效节能省电BC/BD-100DT单温母乳小冰箱								【12.12家电年度好物盛典】799抢购*家用冷柜性价比爆款【囤货小能手】保价30天买贵补差*核心部件3年保修*现在购买更早发货！推荐【141升】家用爆款冰柜",https://img13.360buyimg.com/n7/jfs/t1/160256/3/23559/132709/61b488e3Ec7a4f342/cd6879fcbc4e145a.jpg,799,美菱冰箱洗衣机京东自营旗舰店
"小熊（Bear）煮蛋器蒸蛋器家用早餐迷你机自动断电微电脑预约定时双层可煮14个蛋ZDQ-C14A1								【12.12年终盛典全面开抢】到手仅95元！家中必备~【爆款TOP】智能预约定时，操作简单！【六大功能】可煮蛋可热奶速抢》爆款4L电饭煲秒杀！点击",https://img12.360buyimg.com/n7/jfs/t1/217073/4/7418/116898/61b49d30E0046d05b/40558573aae4ae59.jpg,95,小熊京东自营旗舰店
"康佳（KONKA）冰箱183升双门两门小型家用电冰箱节能省电宿舍租房神器（白色）BCD-183GB2SU								【12.11日晚8点！年终大促火爆开抢！799元秒杀】【口碑好货20W+好评！！两天仅约一度电】【210升三门节能冰箱限时抢购】戳",https://img14.360buyimg.com/n7/jfs/t1/205353/25/18044/125465/61b1b1d3E9981ff75/92f3756f1f070324.jpg,799,康佳冰箱洗衣机京东自营旗舰店
"康宝(Canbo)消毒柜家用小型消毒碗柜高温立式迷你单门台式碗柜餐具茶杯碗筷厨房消毒柜XDR53-TVC1								【康宝断货王！】【到手价仅299！！货源紧张先到先得】【享3期免息！不锈钢内胆+触摸操控！高温二星消毒！行业top爆款！超10万+好评】厨卫会场点",https://img11.360buyimg.com/n7/jfs/t1/223197/19/5548/170368/61b47ee2Ebd410875/6cb34c5129a05a67.jpg,599,康宝京东自营旗舰店
"SooGree眼镜鼻托软胶金属工具套装眼镜布小螺丝刀眼镜框架腿零配件垫夹片维修理工具套装GP109								活动：一件9折，本店提供配镜服务，如需配镜联系客服，近视防蓝光学配镜低至189元，还有太阳镜、运动眼镜可选配镜。(此商品不参加上述活动)",https://img11.360buyimg.com/n7/jfs/t1/150495/21/15652/101665/6007c95dEfeb19c9f/8c044fba2cbc0af3.jpg,26,圣古力（SooGree）眼镜京东自营旗舰店
爱尚咪咪虾条虾味+肉松味+小龙虾味各360g（共60包）网红零食小吃休闲食品大礼包散装整箱果芸格格联名款,https://img11.360buyimg.com/n7/jfs/t1/201707/25/5083/360505/614c38a6E6dcc6b29/7009ea6ae44fc956.jpg,27,果芸格格京东自营旗舰店
"恩科（ENKOR）mini2电脑迷你小音响有线台式低音炮多媒体笔记本电脑桌面音箱								【JD自营・品质保证】桌面迷你音响，RGB炫彩灯效，全频扬声器单元，360°立体环绕音，性价比出众！",https://img10.360buyimg.com/n7/jfs/t1/192029/10/14943/385547/60fe1198E82f2a0b8/05f311117c4711b7.jpg,29.9,恩科京东自营旗舰店
"lena负离子卷发棒迷你夹板直发棒卷直两用男女烫发棒电卷发器防烫拉直板夹刘海内扣小熨板直发器LN-508								【12.12抢先购】11日晚8点至0点抢9.5折！【到手价低至110.3元起】赠收纳袋+发夹*2【白条3期免息】【懒人自动卷发棒猛戳】",https://img13.360buyimg.com/n7/jfs/t1/207780/22/12264/442945/61b326faE1a37b86a/e25e0abec25d996d.jpg,129,lena品牌京东自营旗舰店
"1℃潮小萌暖手宝圣诞节圣诞礼物送女友平安夜充电迷你可爱暖宝宝热水袋生日礼物女生送女朋友老婆年会礼品								【14天价格保护，买贵返差】【0.83s快速发热，瞬间温暖她的内心】【全国八仓实时发货，到货快人一步】【质保一年，质量问题免费换新】潮小萌暖手宝",https://img12.360buyimg.com/n7/jfs/t1/217641/15/5714/127300/619f2ef1Ece33e1b1/462bb61e0c7fa123.jpg,158,1℃京东自营旗舰店
"九阳（Joyoung）榨汁机水果小型便携式迷你电动多功能料理机果汁机榨汁杯可打小米糊L3-C8								【12月11日晚8点全面开抢！到手仅需59.9元】简约白，旋风速榨小巧随行，食品级材质杯体抢人气榨汁机",https://img13.360buyimg.com/n7/jfs/t1/207622/14/9226/102098/618e284fE69c8b2d5/277a8f3d8502ee9a.jpg,59.9,九阳京东自营旗舰店
"七彩叮当(URINGO)电煮锅小电锅宿舍学生锅火锅锅蒸煮一体家用煮面小型迷你锅多功能料理锅电热火锅电子蒸笼款								【12.12家电年度好物盛典】【爆款推荐】限时抢购价仅需94元起！多功能可定时小煮锅，煎煮炒蒸涮一锅多用！食品级不粘锅涂层【新品上市】高颜值多功能空气炸烤箱",https://img13.360buyimg.com/n7/jfs/t1/217100/14/6615/293017/61ac26a2Ed20abc50/c76a36bc5e1f8d27.jpg,149,七彩叮当官方旗舰店
红韬年会商务礼品定制logo企业公司周年庆开业实用活动会议伴手礼刻字小家电礼品送客户员工奖品纪念品吹风机+温度数显杯【两件套礼盒】蓝自助收缩阴晴两用伞送男友送老公,https://img11.360buyimg.com/n7/jfs/t1/176340/27/18461/114367/60e522a6Ec453a45b/9a0baf2fc0eafef0.jpg,88,红韬旗舰店
"山东农家小紫薯3斤装迷你薯新鲜蔬菜								山东农家小紫薯3斤装迷你薯新鲜蔬菜",https://img10.360buyimg.com/n7/jfs/t1/210615/33/6746/643811/6178b246Ea484b259/781153b4f67a4a5c.png,12,联民生鲜专营店
"恒温杯保温杯垫55°度生日礼物女圣诞节礼物送女生女朋友老婆平安夜小礼品公司定制加热暖暖杯伴手礼智汇小鸭开学礼物教师节老师促销活动礼品...								【送她一杯子，暖她一辈子。女生无法拒绝的礼物】【京仓速发，部分地区当/次日达】【钜惠提前购，保价12.12】买它：",https://img10.360buyimg.com/n7/jfs/t1/160914/1/25403/239026/61a6c5c8E204833c3/5f1fe23e096924e9.jpg,52,梦多福礼品专营店
"云南白药创可贴100片装止血镇痛消炎愈创用于小面积开放性创伤								【12.12热爱购*晚八点不熬夜】全场129减30品牌券叠加200减20京贴，多款爆款买就赠创可贴，云南白药气雾剂低至30元【更多优惠&钜惠领券】点击",https://img14.360buyimg.com/n7/jfs/t1/176109/34/22863/136403/61b0d9a2Ecd150144/3d1722ada4d3a253.jpg,18,云南白药官方旗舰店
"colorkey珂拉琪小黑镜唇釉唇彩唇蜜口红滋润保湿镜光镜面持久显色女学生送女友礼物R702微醺枣泥								【年终盛典】爆款唇釉单支低至34元，加赠正装卸妆湿巾6片，叠加跨店至高满200元减120，更多店铺爆款点击",https://img10.360buyimg.com/n7/jfs/t1/219060/20/6879/417958/61b05ea3Ee0a41d2f/b4d8270f5bbd27bf.jpg,59,colorkey官方旗舰店
"米家小米即热饮水机C1台式小型免安装3秒速热三挡水温独立水箱S2201								【前800名到手不高于229元，价保30天售完即止】【小米出品，自营品质，物流速达，时效无忧】【更有新品上市赠无忧试用，晒单抽千元净水器】戳",https://img14.360buyimg.com/n7/jfs/t1/213079/5/7391/112427/61b491caE2982953c/302cf57b5db1167d.jpg,229,小米京东自营旗舰店
窝小芽儿童零食休闲小吃芝麻夹心海苔18g传统慢烘焙芝麻夹心海苔18g*2袋,https://img12.360buyimg.com/n7/jfs/t1/163358/18/21557/238490/61b388baEfa04fe43/fe31d20e90970bd9.jpg,49.8,窝小芽生鲜官方旗舰店
"捏捏乐仿真包子可爱解压玩具整蛊小蒸笼成人发泄减压抖音网红神器恶搞生日送男友女友开学小玩具朋友小礼品仿真包子+蒸笼								下单就送蒸笼，解压玩具。3c认证，买的放心，玩的安心。",https://img14.360buyimg.com/n7/jfs/t1/194719/12/15128/627266/6104e9aeE958727cd/3b84b5e8ca643324.png,8.8,月落礼品专营店
"海尔（Haier）178升两门双门直冷冰箱节能低噪家用小型冰箱宿舍租房小巧不占地方以旧换新BCD-178TMPT								【年终狂欢盛典，火爆开抢中】限时抢购价不高于1149*大品牌品质有保障，租房实用小冰箱【抽奖赢电视】",https://img12.360buyimg.com/n7/jfs/t1/168491/18/22040/129523/61b308b8E9eef6cf0/34c017e34cf32638.jpg,1149,海尔京东自营旗舰店
"【赠书签+海量电子书】成语接龙彩图版全套四册小学生成语故事绘本大全								【赠书签+海量电子书】成语接龙彩图版全套四册小学生成语故事绘本大全",https://img12.360buyimg.com/n7/jfs/t1/223156/2/2995/253092/61946e9eE9d870c6a/cbae0183c3bc28ea.jpg,12,文轩网旗舰店
"米家小米吸尘器家用手持有线除尘器轻量化设计三重过滤配备3种刷头壁挂式收纳MJXCQ01DY								【12.12家电年度好物盛典，诸多爆款限时直降】【爆款直降，自营品质，至高尊享白条24期免息】【只换不修/电磁炉/水壶等赠品等你来拿】",https://img13.360buyimg.com/n7/jfs/t1/201336/11/13282/31608/617a7541E933f98a1/26e012592a0a4d0a.jpg,189,小米京东自营旗舰店
"体验装恩威洁尔阴mini护理湿巾7片/包清洁护理不含酒精1小包口红大小								【12.12全面启航】11月9日晚8点开枪，更多秒杀准时放送！每天限时抢1元好物，裤型卫生巾、私护洗液、湿巾爆品特惠！手慢无！",https://img14.360buyimg.com/n7/jfs/t1/198483/26/12739/120357/61651edfE797c518e/57933d28de3ad48f.jpg,11.8,恩威京东自营旗舰店
板谷山招财猫摆件陶瓷收银台装饰品店铺开业创意礼品乔迁送礼生日礼物男女孩小号长尾猫（不存钱）,https://img14.360buyimg.com/n7/jfs/t1/157877/29/16849/134642/6066f850E4a22201b/0d1bc4551fbb7df7.jpg,59,板谷山京东自营旗舰店
"礼意久久【镶施华洛世奇锆】一鹿有你银手链圣诞节圣诞礼物送女生女友平安夜生日礼物送老婆女朋友礼盒永生花								【京东12.12+品质居家年终钜惠】【昆凌,周洁琼明星同款品牌手链】【施华洛世奇进口锆钻】【全国地区实时发货，部分地区当日达】送女神必备好礼！小羊暖手宝",https://img11.360buyimg.com/n7/jfs/t1/216438/21/6631/96251/61a9cf5fE281751df/80aeedf34157419e.jpg,238,礼意久久京东自营旗舰店
"费雪(Fisher-Price)小海马新生儿玩具礼物婴儿玩具哄睡神器宝宝安抚玩偶-新版声光安抚海马（粉色）GCK80								【超值好礼】即日起-12月12日，限时赠至高百元E卡，数量有限赠完即止;【年终盛典】精选商品领券满199减100，可叠加每满200减20京贴。速戳",https://img11.360buyimg.com/n7/jfs/t1/210611/18/11914/129139/61b05c62E511eb699/2d6b718866f51d66.jpg,109,费雪京东自营旗舰店
"摩飞电器（Morphyrichards）消毒刀架砧板刀具消毒机家用小型筷子筒紫外线消毒机烘干器菜板分类厨具MR1001								【12月11日，晚8点全面开抢】前5小时到手仅358元！【领券每满200减20元】专刀专板分类收纳！热风烘干；99.99%双重杀菌！戳12.12新品上新",https://img10.360buyimg.com/n7/jfs/t1/221682/10/5314/196937/61b1f53dEf130476a/57d9b8333725ae5c.jpg,378,摩飞京东自营旗舰店
"容声（Ronshen）波轮洗衣机全自动4.5公斤母婴幼儿童宝宝内衣洗小型迷你家用租房神器RB45D1126以旧换新								【12.12家电年度盛典】【月销万台！劲爆价529元！钜惠好价！】【特色母婴洗，24H预约洗，22分钟快洗】赠整机180天延保！【7KG滚筒，特色母婴洗！戳】",https://img10.360buyimg.com/n7/jfs/t1/198026/21/20181/142656/61b4981dEb566b221/f564b20093633c1e.jpg,529,容声冰箱洗衣机自营旗舰店
"小熊煮蛋器蒸蛋器单层家用自动断电迷你鸡蛋羹神器蒸鸡蛋器蒸蛋机炖蛋器蒸蛋锅防干烧便携式								【12.12家电年度好物狂欢盛典】【12月11日晚8点全面开抢！】【前两小时下单低至49！先到先得！】【极速发货，部分地区次日达】》不锈钢煮蛋器",https://img13.360buyimg.com/n7/jfs/t1/222827/18/5316/392029/61b19d63Eaed4a909/a7bccf6214d3da91.jpg,49.9,小熊厨房电器旗舰店
蝶设年会小礼品背包定制logo送客户商务会议伴手礼实用圣诞节礼物员工年终纪念品银行周年庆活动团建奖品,https://img10.360buyimg.com/n7/jfs/t1/152628/13/15208/96728/60068fcfE97a62d52/e69f88d573e1a2c0.jpg,49,
"小米有品小适电动迷你男士鼻毛修剪理发器电动鼻毛剪修鼻毛机C1-BK								【12.12家电年度好物盛典！】即刻下单享限时包邮【隐藏式刀头安全不伤鼻】【价保30天，自营】【超长两年质保】全新小适剃须刀",https://img10.360buyimg.com/n7/jfs/t1/155633/33/27363/182574/61b3fdd6E6d7856f3/173d52d14eac7caa.jpg,29.9,小适京东自营旗舰店
"小熊（Bear）养生壶热水壶煮茶器煮茶壶电水壶恒温电热水壶保温花茶壶YSH-B18T1带滤网1.5L烧水壶								【超级秒杀】到手89.9！随时售罄！不买亏炸！速速抢购！【极致性价】双重好礼！赠不锈钢滤网+赠贴心蒸蛋架！【退换无忧】365天以换代修！养生壶认准小熊！戳",https://img10.360buyimg.com/n7/jfs/t1/207197/24/12227/143753/61b37954E7fe1b870/ac3e01ea2a0e8c91.jpg,89.9,小熊京东自营旗舰店
"绿联（UGREEN）USB分线器2.04口HUB集线器扩展坞笔记本电脑一拖四转换器多接口延长线带电源口黑1米20277								12.12年终巨献，跨店每满200减20，热卖爆款限时秒杀，再享1件包邮！更多惊喜，尽在绿联！【点我进入活动会场】",https://img14.360buyimg.com/n7/jfs/t1/211532/7/11935/685316/61b07e1bEda134190/6f603aa8698689bb.jpg,24.9,绿联（UGREEN）京东自营旗舰店
"小米Air2SE真无线蓝牙耳机通话降噪蓝牙耳机迷你入耳式手机耳机苹果华为手机通用								【Air2se耳机】【通话降噪，长续航，开盒弹窗】其他爆品好物猛戳",https://img12.360buyimg.com/n7/jfs/t1/145603/30/22548/197039/61b329a3E443718f6/f21e4e95f09e9f56.jpg,129,小米京东自营旗舰店
"小狗钱钱（附赠免费亲子财商课+理财秘籍思维导图）								京东图书12.12年终狂欢盛典，部分品质好书每满100减50，满减叠券更优惠！点击",https://img12.360buyimg.com/n7/jfs/t1/170638/39/845/220507/5ff2b0d9Ec25f3fc6/195ce6eda5e6eb4d.jpg,39.8,中信童书
贴纸定做牙签旗定制LOGO国旗鸡尾酒小插旗汉堡水果茶歇蛋糕竹旗蛋糕插旗食品插旗酒吧酒店菜品插牌定制各种牙签旗,https://img14.360buyimg.com/n7/jfs/t1/149117/10/3676/228653/5f1c4199Edd53cda0/9e509f427e01ed81.jpg,10,晟邮旗舰店
"九阳(Joyoung)麦饭石色不粘奶锅家用小煮锅宝宝辅食轻炊煮牛奶泡面直径18cmCF-TLB1863D								【京东12.12品质居家年终钜惠】部分商品领券每满200-20【前六小时特惠】王者荣耀联名奶锅，限时秒杀，下单再减10元，突破底价，到手仅需119元！》",https://img13.360buyimg.com/n7/jfs/t1/164047/17/22147/106674/61b088f5Eec78268c/bfd6d734e40589c0.jpg,79,九阳（joyoung）厨具京东自营旗舰店
"京东国际	【进口溯源】瓷小燕干燕窝孕妇干盏产后怀孕坐月子老人补品女50g印尼溯源正品营养品女性送礼燕窝礼盒印尼7A级大燕盏50克/礼盒装（下单送燕窝机）								【狂欢开幕】12.11日晚20:00秒杀开启【年度金榜.溯源7A大燕盏】到手价1099/50克再送燕窝机【满赠skii】前100名下单赠燕窝果冻1盒",https://img14.360buyimg.com/n7/jfs/t1/165244/22/22376/428695/61b474f6E1a181019/ad0da556cce971ba.jpg,1399,瓷小燕旗舰店
"得力(deli)保险柜高20cm电子密码保管箱入墙入柜办公家用小型保险箱铁甲小宝33057								【可入墙入柜】1、全钢结构，经久耐用；2、全钢实心锁闩，联动防护；3、可存放房产证，户口本，学位证等；更多好货》》",https://img13.360buyimg.com/n7/jfs/t1/70214/3/6537/328832/5d4a819aE45854dc7/43fea168bde06ba9.jpg,199,得力保险柜京东自营旗舰店
"登比理线器【升级款强力背胶】电线固定扣免钉无痕线卡整理走线夹网线卡扣自粘神器卡子小号透明20只								【12.12年终狂欢】12月11-12日登比家居部分商品满99减20叠京贴每满200减20，更有部分商品199减100优惠券大放送，年度钜惠，不容错过！速戳",https://img12.360buyimg.com/n7/jfs/t1/215541/2/7393/125389/61b48bd1Ef10dd9b6/2a988f9b39a4b8d2.jpg,9.9,登比京东自营旗舰店
"小米（MI）向物恒温杯垫加热杯垫热牛奶保温杯神器55度暖杯垫茶杯垫养生电热水杯暖暖杯圣诞节元旦礼物小米生态恒温杯垫智能版(三档调温数显版)								55°/65°/75°三档调节,重力感应,热敏提醒,快速加热",https://img11.360buyimg.com/n7/jfs/t1/160185/15/21594/280576/61a574baE63eef5c7/37334d76c21b09be.png,65,卓曼有品旗舰店
良品铺子沙拉薯条薯片膨化食品休闲零食小吃小袋装140g,https://img13.360buyimg.com/n7/jfs/t1/156141/16/27931/178471/61b338bfE5b2d2c95/8a4faf67b8089d5f.jpg,11.9,良品铺子京东自营旗舰店
"米家小米电饭煲电饭锅1.6L智能迷你小饭煲APP智能互联预约（推荐1-3人）								【12.12家电年度好物钜惠来袭，小米邀你嗨购】【到手价低至158.9元！数量有限】【自营出品，品质有保障】猛戳",https://img11.360buyimg.com/n7/jfs/t1/169351/2/27064/92315/61b49130Ed688b8e1/5de876cec74e1b46.jpg,158.9,小米京东自营旗舰店
"米家小米无线手持吸尘器家用1C120AW大吸力99.9%深度除螨虫毛发不缠绕配备壁挂式充电架								【12.12家电年度好物盛典，诸多爆款限时直降】【爆款直降，自营品质，至高尊享白条24期免息】【只换不修/电磁炉/水壶等赠品等你来拿】",https://img14.360buyimg.com/n7/jfs/t1/209678/15/9062/41220/618e2384Eff8a84dd/116e3aaa78dc76c2.jpg,899,小米京东自营旗舰店
"小米米兔故事机智能故事机机器人								小米米兔故事机智能故事机机器人",https://img10.360buyimg.com/n7/jfs/t1/203520/21/5270/114485/6136ce7fE4b457b68/23b583ee83197a8b.jpg,199,小米京东自营旗舰店
"得力(deli)小号铝合金护套美工刀壁纸刀裁纸刀办公用品白色2086								【年终大采购】得力年终采购盛典，进店领券惠不停！！点此进入！",https://img14.360buyimg.com/n7/jfs/t1/166790/1/5085/80882/6017d5a7Efe3d539c/54a262841dc541b3.jpg,4,得力京东自营官方旗舰店
"小米巨能写多彩中性笔5支装0.5mm商务办公学生中性笔会议笔橙黄绿蓝紫								小米巨能写多彩中性笔5支装0.5mm商务办公学生中性笔会议笔橙黄绿蓝紫",https://img10.360buyimg.com/n7/jfs/t1/194957/21/3957/106478/60a4c0c2E5ec40d1e/f343ff572e12e127.jpg,9.99,小米京东自营旗舰店
爱舒贝加厚冰箱除冰铲子专用去污清洁铲冰箱冰柜除霜铲冰铲冷冻塑料除冰铲子食品面粉铲车用铲雪多功能铲子白铲+蓝铲(一大一小),https://img10.360buyimg.com/n7/jfs/t1/174501/40/2138/76716/606b0120E96bb4101/1b1cadf2c8878137.jpg,13.9,德茂厨具专营店
"集米T2即热饮水机即热式饮水机饮水机家用台式小型饮水机冲泡茶吧机速热电热水壶米白色烧水壶店长推荐【4档控温】								【家电12.12狂欢・限量抢钜惠】【前300名赠30元E卡・活动到手229元】【3L抑菌水箱・3秒即热・每1度可调】・更有滤芯款台式饮水机超值低价限时抢购・点击",https://img12.360buyimg.com/n7/jfs/t1/204445/3/18159/230466/61b473b6Ed1713c36/6ff5f2126203202a.jpg,239,集米京东自营官方旗舰店
"张太和桃胶雪燕皂角米家庭组合装独立小包150g即拆即泡即煮约10次量独立小袋包装10包（约150g）								【领券立减15元到手价34元/袋，买2送1，赠完即止】",https://img11.360buyimg.com/n7/jfs/t1/180382/34/15284/178883/60f90d86E8d639272/953687c95db5e735.jpg,49.9,张太和官方旗舰店
"小米体重秤2家用健康秤电子秤高精度人物双模式APP数据测量智能分析自动识别用户隐藏式LED屏幕								简约纤薄，体重数据精准掌握。小米筋膜枪",https://img11.360buyimg.com/n7/jfs/t1/206933/17/8152/81533/6184c9c0E096f74f3/31a1817fa21a9cd8.jpg,59,小米京东自营旗舰店
"溢彩年华厨房置物架落地储物架移动收纳小推车蔬菜架子多层家用美容零食架婴儿置物架YCI1056-BK								【京东双十二年终狂欢】领大额优惠券199减100，叠加购物京贴每满200减20，全场热卖爆款限量秒杀！多重优惠！到手巨划算！火爆抢购中！点击》》》",https://img12.360buyimg.com/n7/jfs/t1/160227/27/21622/409465/61b33a85E8aa2f2b7/1cd5e0b95b17f476.jpg,69,溢彩年华京东自营旗舰店
"容声(Ronshen)【鲜space】253升变频一级能效三门小冰箱家用小型风冷无霜BCD-253WD16NPA中门宽幅变温								【12・12巅峰钜惠】限量追加100名满减后劲爆价仅2199【鲜space・新鲜生活每一天】一级能效双变频*中门宽幅变温*风冷无霜*活动会场至高立省2000+",https://img13.360buyimg.com/n7/jfs/t1/215821/1/7469/135956/61b496f2E46ea5ff5/634f8c713e87c898.jpg,2399,容声冰箱洗衣机自营旗舰店
纯净水桶配件单卖塑料螺纹盖子可重复使用大口转小口转换头水龙头2个小盖中盖,https://img11.360buyimg.com/n7/jfs/t1/201267/1/13427/278915/617b79cbE51a927fd/e414c240fcad1fbb.jpg,10,罗菲娜官方旗舰店
"小米对讲机1S蓝色全新升级版超轻超薄蓝牙耳机超长待机户外酒店自驾游民用手台								小米对讲机1S蓝色全新升级版超轻超薄蓝牙耳机超长待机户外酒店自驾游民用手台",https://img10.360buyimg.com/n7/jfs/t1/171661/38/10178/45426/60a2258aEd808afe1/2764322192c37a95.jpg,235,小米京东自营旗舰店
"四头充电白色高档创意公司商务小礼品定制年终周年庆随手礼新年送老婆老年人长辈妈妈腰肩部护颈仪水杯								【支持国货】【享五年质保，一年换新】【全国八仓配送，快至可当次日达】【小巧便携，低频脉冲，四倍按摩，六大模式，搭配礼盒礼袋】【需定制logo，联系客服】",https://img11.360buyimg.com/n7/jfs/t1/197819/28/8831/109179/614467fbE07915bf6/60e7649726dfd953.jpg,99,心意满满京东自营旗舰店
"小熊（Bear）研磨机磨粉机中药料理机五谷杂粮干粉碎药材厨房家用小型粉碎机打粉机大容量FSJ-A03D1								【12.12年终盛典】紧急追加100台低至139！速抢~【一机多能】样样精通；点动式下压操作；均匀粉碎【小熊小家电365天只换不修】》》猛戳",https://img10.360buyimg.com/n7/jfs/t1/202376/17/17786/103921/61b34dc8Ee98b1de0/ba06fe9b72a06482.jpg,139,小熊京东自营旗舰店
"漯岚七夕情人节创意宇航员星空投影灯卧室床头氛围灯太空人系列小夜灯女友老婆闺蜜高档生日礼物情侣男友台灯宇航员星空投影灯								漯岚七夕情人节创意宇航员星空投影灯卧室床头氛围灯太空人系列小夜灯女友老婆闺蜜高档生日礼物情侣男友台灯宇航员星空投影灯",https://img12.360buyimg.com/n7/jfs/t1/201370/27/6937/355775/61447cb8E2be81c96/578b8d9a6f501281.jpg,168,永集礼品专营店
"金值10本装A4儿童空白图画本画画纸绘画本子美术画本a4幼儿园小学生学生用画纸涂鸦本手绘加厚白纸大号涂色本								【12.12购物节盛大开启，每满200-20】10本量贩装图画本，80G加厚纸张，5种设计封面，可搭配彩色铅笔绘画看见不错过！点击查看(此商品不参加上述活动)",https://img13.360buyimg.com/n7/jfs/t1/186337/17/4950/354967/60aca8faE7072587f/6c7cfffff66a3992.jpg,26.8,金值京东自营旗舰店
齐善食品手撕素肉片素干独立包装大豆蛋白植物肉办公室学生零食囤货1袋(260g约13小包)原味,https://img14.360buyimg.com/n7/jfs/t1/214625/33/6082/279536/61a5c3fbE2ccf959e/ffe4b28b25d3d25a.jpg,17.8,素活小镇旗舰店
"德芙（Dove）66%醇黑巧克力碗装礼物糖果巧克力休闲零食252g								【纵享丝滑，愉悦过冬】德芙美味集结，超值低价甜蜜巧滋味，和你一起，解锁冬日愉悦好食光！点击速抢~查看(此商品不参加上述活动)",https://img13.360buyimg.com/n7/jfs/t1/221163/29/3710/258692/619df977Ef99b89ce/52b5f85063e83b35.jpg,28.9,德芙京东自营旗舰店
"窝小芽儿童卡通馒头30%果蔬泥调色无添加色素防腐剂早餐食品冷冻面点送宝宝辅食电子谱奇趣多礼盒530g（4包组合）								「一周营养*科学实现」窝小芽限时满2件享8折3件享7折。加入会员领券满109元再减10元！点击查看",https://img14.360buyimg.com/n7/jfs/t1/204158/35/18266/213215/61b388baE38b0c281/b985045a69577c1f.jpg,138,窝小芽生鲜官方旗舰店
良品铺子高钙鲜虾片20g非油炸非膨化60%虾肉0反式脂肪酸儿童零食休闲零食便携小包,https://img12.360buyimg.com/n7/jfs/t1/204657/39/16647/144459/619f5e14Eef1317e0/b9890a8643816bb2.jpg,9.9,良品铺子京东自营旗舰店
"米家电动精修螺丝刀精密工具24件螺丝批头精修螺丝刀套装多功能拆机工具								米家电动精修螺丝刀精密工具24件螺丝批头精修螺丝刀套装多功能拆机工具",https://img13.360buyimg.com/n7/jfs/t1/185359/30/10467/115332/60cff487E18f72366/3575d49aa11e1109.jpg,169,小米京东自营旗舰店
"小熊（Bear）酸奶机家用全自动米酒机不锈钢内胆酸奶发酵菌陶瓷4分杯SNJ-B10K1								【12.12年终盛典全面开抢】到手仅84元！抢优质酸奶机【365以换代修！】微电脑定时，不锈钢材质【智能发酵】自制酸奶健康营养》爆款4L电饭煲秒杀！点击",https://img12.360buyimg.com/n7/jfs/t1/146347/4/26840/143144/61b49967Eb41b77d8/3f089d2e942fd979.jpg,84,小熊京东自营旗舰店
"梦多福盲盒礼物小女孩生日圣诞节礼物送儿童女友生女朋友送老婆闺蜜媳妇女儿7-14十岁奖品追光少女【含6个不同款式】幼儿园送同学初中学生老...								【1】由于盲盒属性，所以拆开后不支持无理由退换货的哦！【2】整盒尺寸：24*15.5*13.5cm【3】纪念日奖品送小学生小孩子新款小飞猪盲盒摆件点击这里",https://img13.360buyimg.com/n7/jfs/t1/187443/22/9690/276502/60d14557E53477566/b11748d57d6cffbe.jpg,176,智特优礼品专营店
"妖娆猫潮玩盲盒手办可爱猫咪儿童玩具迷你桌面公仔小摆件树脂圣诞节生日礼物女生送女友女孩子圣诞送同学礼品A15MINO喵喵（一盒8只）								家里车里都可以用，一盒八只，可爱喵喵",https://img12.360buyimg.com/n7/jfs/t1/200031/35/16332/119474/61887b3bE505b179c/4a6ccb9c1ca2251e.jpg,78,妖娆猫旗舰店
"哆猫猫草莓水果条宝宝零食添加海藻糖儿童零食果干蜜饯休闲小吃16g								哆猫猫新一代儿童零食，12.9号晚8点抢神券199减30叠加折扣，福利折上折！0元入会，专享好礼！",https://img12.360buyimg.com/n7/jfs/t1/170736/33/25976/122912/61a5ec0fE52937231/398e3b1e68523f0f.jpg,1,哆猫猫京东自营旗舰店
蒙牛芝士奶条108g*2袋儿童休闲零食钙蛋白质果粒奶酪棒酸奶棒酸奶条蔓越莓味奶条独立小包原味1袋蔓越莓味1袋,https://img12.360buyimg.com/n7/jfs/t1/195771/32/11162/55274/60ddc1f3E8a41e2de/630ea92d7225e580.jpg,25.8,贪吃娃食品专营店
"【50张不重复】儿童3D卡通立体贴纸书男女孩换装泡泡贴7幼儿园公主小红花奖励贴3-6岁恐龙粘贴画玩具								【50张不重复】儿童3D卡通立体贴纸书男女孩换装泡泡贴7幼儿园公主小红花奖励贴3-6岁恐龙粘贴画玩具",https://img10.360buyimg.com/n7/jfs/t1/188555/15/14195/236605/60f8db15E0436b0ce/b099ec7fbf049626.jpg,28,欧舍玩具专营店
"花西子小黛伞防晒霜/妆前乳养肤提亮保湿隔离紫外线防晒乳液户外清透男女士面部身体防晒SPF50+30ml								撑起肌肤遮阳伞，减轻上妆厚重感~搭配空气蜜粉购买，一套搞定清爽底妆，快速出门！立即",https://img12.360buyimg.com/n7/jfs/t1/175503/40/21546/193931/61adf7c3E0cd64035/6e604dae38522160.jpg,199,花西子京东自营旗舰店
卫龙辣条休闲小零食亲嘴烧红烧牛肉味600g/盒豆干素肉大刀肉辣片大礼包办公室宿舍麻辣小吃,https://img12.360buyimg.com/n7/jfs/t1/201518/19/6031/202446/613883d0E29e1c3db/f27328794e38f87a.jpg,21.9,卫龙京东自营旗舰店
"【博鳌亚洲论坛官方指定用茶】小罐茶茶叶银罐特级乌龙茶大红袍茶4款茶拼装茶叶礼盒20罐80g（新老包装随机）								茗茶双十二狂欢购开启，爆品限时直降，京贴每满200减20，速戳来抢！",https://img10.360buyimg.com/n7/jfs/t1/198567/15/20068/82235/61b48b6dE7f835381/d65e7e401b5e9566.jpg,459,小罐茶京东自营官方旗舰店
"悠珂思（ukiss）睫毛夹睫毛弯弯便携睫毛夹02#冰透粉（局部小巧迷你便携式睫毛卷翘器持久卷翘初学者）								【爆款第2件半价】睫毛弯弯，便携卷翘，部分商品满199减100，低至5折，限量开售，点击购买",https://img12.360buyimg.com/n7/jfs/t1/200953/36/6847/86553/613f084eEd2a5e226/a2decf773b664b9b.jpg,9.9,悠珂思（ukiss）京东自营旗舰店
"TCL118升小型双门电冰箱LED照明迷你小冰箱冰箱小型便捷节能低音（芭蕾白）BCD-118KA9								【12.12家电年度好物盛典】【抢购价769*限量500台】口碑力荐50万+【货真价实，相同重量不虚标容量】【LED节能照明灯*迷你便捷租房宿舍使用】*",https://img11.360buyimg.com/n7/jfs/t1/200004/12/19541/143368/61b02792Ede4595e8/94b8307fb1fa91a4.jpg,768,TCL京东自营官方旗舰店
"徐福记果汁橡皮糖468g(约40小包)混搭口味软糖结婚庆喜糖混合装水果口味大礼包囤货								#明星就位・龚迎美味#，【徐福记11.11赢龚俊同款礼盒，入会即可抽奖】【更有限量送龚俊周边，粉丝专属大额优惠券等你来抢】数量有限，先到先得…点击",https://img12.360buyimg.com/n7/jfs/t1/174789/3/23259/139127/61b47eccE46a16b62/edf65fd9e5717a53.jpg,27.8,徐福记京东自营旗舰店
"全套1-46-50册大侦探福尔摩斯小学生版青少版第一到十二辑自选少儿侦探悬疑小说福尔摩斯探案全集全集50册（1-12辑）								新出第12辑，可联系在线客服咨询。出版社直营店铺，正版保障，放心购买，店铺全店送运费险，团购可联系在线客服。1-50册散装套装都有，可自选，详情咨询在线客服。",https://img13.360buyimg.com/n7/jfs/t1/204513/16/14776/263453/618bd09cE19a40587/7824541104642fa7.jpg,380,上海海豚图书专营店
宅猫日记麻辣小龙虾味糯米锅巴袋装网红小吃解馋休闲零食,https://img13.360buyimg.com/n7/jfs/t1/175615/40/21575/128287/61a73129Ec8e4f610/0c4735d1393a15c0.jpg,12.8,宅猫日记京东自营旗舰店
"绿之爱儿童照相机数码8岁拍立得4-6小女孩子生日礼物圣诞节7-14岁女童玩具宝宝3岁5朋友小学生【可爱猫粉可连手机】升级款双摄4000万+32G卡								【，全国八仓发货，快至当日/次日达，具体以提交订单预计时间为准】【购买产品，运费险，购物无忧，售后保障】",https://img12.360buyimg.com/n7/jfs/t1/96691/2/18990/297405/614450a7E369c3d46/c3a4580604d3f26d.jpg,179,绿之爱京东自营官方旗舰店
"【双供电模式】儿童钓鱼玩具电动磁性套装2-3-4岁宝宝捞鱼捕鱼早教数字天平互动男孩女孩生日圣诞节礼物科里斯绿【45条小鱼+2条钓鱼竿+12张算数卡】								【双供电模式】儿童钓鱼玩具电动磁性套装2-3-4岁宝宝捞鱼捕鱼早教数字天平互动男孩女孩生日圣诞节礼物科里斯绿【45条小鱼+2条钓鱼竿+12张算数卡】",https://img14.360buyimg.com/n7/jfs/t1/169657/33/25493/247780/619f6908E87c80619/b5cadf2fa27ece94.jpg,84.4,都比皇旗舰店
【美和居-始于1368】醋泡姜芽新鲜嫩生姜片即食六年老陈醋泡制100gx2瓶醋泡仔姜,https://img14.360buyimg.com/n7/jfs/t1/201050/4/17754/357684/61ada48dE74024eb7/0614f56ad13a0e2b.jpg,118,美和居官方旗舰店
"辉柏嘉（Faber-castell）文具铅笔涂卡笔考试铅笔考试套装3件套吸塑装蓝色山海经联名132703								【活动倒计时最后一天】店铺9折叠加每满200-20京贴【再叠加阶梯满赠，限量发放】72色彩铅+笔帘预估到手价175.5单支彩铅仅需1.8元。立即查看",https://img12.360buyimg.com/n7/jfs/t1/145189/30/23626/172111/6163db36Eaf91df57/f67cea7716c0b55c.jpg,7.4,辉柏嘉京东自营官方旗舰店
"小熊驾到蜂蜜味烤翅腌料140g*1罐复合调味料腌制烧烤调料								【部分产品第2件0元再叠神券】厨房好味爆款限时秒杀，领199打8折券再叠神券，速抢！速戳选购！",https://img11.360buyimg.com/n7/jfs/t1/208295/13/10435/258518/61b48eebEb73fa6ea/2b8925eb3e1630fe.jpg,8.5,小熊驾到（BearComing）调味品京东自营旗舰店
"辣小董香辣木瓜丝280g湖南特产酱香咸菜脆爽下饭菜熟食即食拌饭开胃酱菜腌菜榨菜拌面酱调味酱料早餐伴侣								【2件9折】腿中王正宗金华火腿礼盒1kg,国家地理标志性产品,足年发酵,精选肉源,传统工艺匠心制作,速来抢购吧!!!》》",https://img12.360buyimg.com/n7/jfs/t1/172012/23/22292/544520/614ff94dE3b27ac9f/f061df06cb1786b6.jpg,18.9,辣小董京东自营旗舰店
"嘉然恒台历礼盒2022虎年日历大格子记事计划本2021木质台历桌面摆件创意简约计划表企业定制一路向前								【包邮包邮！京东8大仓快速发货】精美简约台历，优质木板+时尚铜环+优质铜版纸内芯，50本起定制详情咨询在线客服。",https://img10.360buyimg.com/n7/jfs/t1/187032/19/20961/118921/6130a5d5E77c287b6/808df2e175874255.jpg,18.8,嘉然恒（jiaranheng）京东自营旗舰店
"大喜大调味料牛肉粉300g鲜香持久肉香浓郁新老包装随机发								【部分产品第2件0元再叠神券】厨房好味爆款限时秒杀，领199打8折券再叠神券，速抢！速戳选购！",https://img13.360buyimg.com/n7/jfs/t1/163297/3/18046/444667/6076966aE0c2844d5/e840923c44b0e2ba.jpg,13.5,大喜大京东自营官方旗舰店
大喜大调味料牛肉粉300g鲜香持久肉香浓郁新老包装随机发,https://img13.360buyimg.com/n7/jfs/t1/163297/3/18046/444667/6076966aE0c2844d5/e840923c44b0e2ba.jpg,13.5,大喜大京东自营官方旗舰店
"统帅(Leader)海尔出品洗衣机全自动滚筒洗烘一体机10公斤变频家用大容量统帅家电京品洗衣机全新上市+11月首发@G10HB22SE								【海尔家电精选推荐】【直降700元1999元，全新升级新品】【晒单赠10年电机保修】【纤维级柔烘蒸汽空气洗】【全新升级直驱变频】为您推荐2799元",https://img12.360buyimg.com/n7/jfs/t1/141331/32/25842/158037/61b17bb0Eec7758f1/a683ab787fabd4e6.jpg,1998,海尔海天实创专卖店
"纽曼思（Nemans）藻油DHA软胶囊儿童装90粒(原装进口)								12月12日0-2点，纽曼思爆款DHA单盒到手低至409，更多活动，可进店查询",https://img14.360buyimg.com/n7/jfs/t1/208420/21/12053/108561/61b1ea20Eec021078/c2d9abc62a60100f.jpg,529,纽曼思（Nemans）京东自营旗舰店
vivoX708GB+128GB星云【保值焕新套装】5G手机蔡司光学镜头大底微云台主摄高跑分旗舰芯片,https://img12.360buyimg.com/n7/jfs/t1/201901/34/6473/87359/613f47d2E1b3ab468/1a932e079d4e8724.jpg,3898,vivo京东自营官方旗舰店
"全新海飞丝王炸定制专研去屑洗发水300g干性头皮止痒去油无硅油洗发露洗头膏男女通用								【内行才知道】劲爆尖货，百万口碑美发好物，部分领券满99减50，部分第2件半价，更多惊喜等你来戳，点击抢购",https://img11.360buyimg.com/n7/jfs/t1/218901/12/7333/368101/61b2beb0Eee613818/b9a255072a3232a0.jpg,95.9,宝洁京东自营官方旗舰店
"李施德林（Listerine）漱口水多效全护含酒精清新口气深层清洁500ml（新老包装随机发货）								李施德林新品上市馥郁果香，沁香果茶味两件享8折，持久清新口气get少女香，劲爆尖货等你来戳猛戳抢购查看(此商品不参加上述活动)",https://img10.360buyimg.com/n7/jfs/t1/24698/1/5466/240630/5c3daaaaE30ccf723/6a38ff5a96d7d0c7.jpg,41.8,李施德林京东自营旗舰店
嘉德朗2022年虎年折叠红包国潮抽拉仪式感创意压岁钱长款卡通虎头新年春节过年虎虎生威利是封红包袋【平安喜乐-10卡位】可装1000-5000,https://img12.360buyimg.com/n7/jfs/t1/217030/11/7030/188989/61b0981aE529cb8f5/b32062bb7ab8a0a3.jpg,10.5,嘉德朗厨具旗舰店
"龟牌（TurtleWax）冰膜镀膜剂车漆镀膜封釉手喷液体镀膜汽车用品新能源新车液体玻璃镀膜水G-2051								【京东汽车12.12】好物狂欢，嗨购开启!爆款车品5折抢购！",https://img12.360buyimg.com/n7/jfs/t1/195031/10/15510/205390/61021d57E729e681f/e5f177dff8db61df.jpg,79,龟牌京东自营专区
"牛津高阶英汉双解词典（第9版）可搭新华字典现代汉语词典古汉语常用字字典古代汉语词典新概念								京东图书12.12年终狂欢盛典，部分品质好书每满100减50，满减叠券更优惠！点击",https://img11.360buyimg.com/n7/jfs/t1/191660/18/18089/131673/61148ac9E5ac98d57/c60fad1f34d5c1ee.jpg,144,商务印书馆
好巴食鲜卤千页豆腐Q豆干休闲零食小吃独立小包装卤香味125g（新老包装随机发货）,https://img13.360buyimg.com/n7/jfs/t1/180274/17/16578/136040/61021c2eEdcca420d/019dcdc8fc4fdedc.jpg,15.9,好巴食京东自营旗舰店
"维达（Vinda）超韧莓莓手帕纸4层72包纸手帕餐巾纸卫生纸小包纸巾（新旧包装随机发）超韧72包								【纸韧维达，乐享全家】会员专享积分优惠购，每周二抢限量第2件半价！爆款买4减40，经典款满199减110，新品3件66折！抢！",https://img10.360buyimg.com/n7/jfs/t1/163814/39/23305/338451/61af8b2fE64037bff/6f85f8e0bf3fc50c.jpg,31.8,维达官方旗舰店
"脆香米脆米心牛奶巧克力办公室休闲零食食品糖果120g袋装（新旧包装随机发放）								【纵享丝滑，愉悦过冬】德芙美味集结，超值低价甜蜜巧滋味，和你一起，解锁冬日愉悦好食光！点击速抢~查看(此商品不参加上述活动)",https://img12.360buyimg.com/n7/jfs/t1/189203/27/19477/276977/61230d2dE39a9de8c/61337b7f6e58efe3.jpg,11.61,德芙京东自营旗舰店
"丝蕴（syoss）盈润魅卷空气感润卷弹力素150ml（弹性润泽清爽不黏腻）（新老包装随机发放）								丝蕴（syoss）盈润魅卷空气感润卷弹力素150ml（弹性润泽清爽不黏腻）（新老包装随机发放）",https://img14.360buyimg.com/n7/jfs/t1/163277/29/22471/316427/61b1d4d5Ea24c0e25/e677507d26b3566e.jpg,23.7,丝蕴京东自营旗舰店
"红蜻蜓中老年帽子男冬天加绒加厚保暖鸭舌帽老年秋冬季爸爸爷爷老人护耳棒球帽加绒加厚护耳-黑色帽围可调(55-60CM)								内里加绒，防风护耳，赠运费险！",https://img11.360buyimg.com/n7/jfs/t1/208798/34/7278/228382/617ceb1bEea2d2479/13ed1c9c4ce0e933.jpg,59,红蜻蜓配饰旗舰店
"惠寻新冬季个性透气网格口罩户外骑行保暖面罩耳套男女口耳罩黑色								100只垃圾袋仅4.9元，全店商品两件九折、三件八折！！！厨房用品，清洁用具，保暖装备等",https://img14.360buyimg.com/n7/jfs/t1/142464/14/25151/124811/61a972fbEc5100ad3/a81e6aa8be678013.jpg,9.9,惠寻服饰内衣专营店
2022年虎年个性国潮立体创意折叠红包过年虎虎生威压岁钱加大虎头红包封袋新春节表白生日利是封爱老虎油六卡位【爱老虎油】一个装,https://img14.360buyimg.com/n7/jfs/t1/171567/25/26236/518052/61aa1639E9e1e5e7d/6c9427d3ffe22da2.jpg,9.9,庐轩家居用品专营店
"Zespri佳沛新西兰绿奇异果猕猴桃优选鲜果新鲜水果绿果12#单果约90-105g								中秋送礼，送礼有面，新老包装随机发货",https://img10.360buyimg.com/n7/jfs/t1/81652/23/17534/174310/6145b971Ea29e43b8/5d3bf6e55a31805b.jpg,50,吾彩鲜果旗舰店
"京品家电	飞利浦（PHILIPS）电动剃须刀李现同款亲肤新5系闪电系列智能感应刮胡刀S5066【敏感肌适用】								【飞利浦12.12年度好物盛典】【开抢1小时狂欢继续！到手价449元！享白条3期免息】【SkinIQ科技/微珠舒适圈/舒适切剃系统】升级5系黑蜂巢，点击抢购！",https://img14.360buyimg.com/n7/jfs/t1/202994/21/18475/153812/61b4897cE26c26379/020ce59cce2b5c05.jpg,499,飞利浦官方旗舰店
vivo【酷客换新版】iQOO78GB+128GB黑境高通骁龙888120W超快闪充KPL官方赛事电竞手机双模5G全网通,https://img13.360buyimg.com/n7/jfs/t1/63308/13/17505/86854/613eb3bfE21894b19/5b344db63926c768.jpg,2997,iQOO京东官方自营旗舰店
"潘婷氨基酸乳液修护洗发水1KG强韧秀发深层滋养洗发水洗发膏（新旧随机发男士女士通用）								【内行才知道】劲爆尖货，百万口碑美发好物，部分领券满99减50，部分第2件半价，更多惊喜等你来戳，点击抢购",https://img12.360buyimg.com/n7/jfs/t1/218833/4/7159/440072/61b1d592E6f9648bc/ec2a3c01a989d3d9.jpg,54.9,宝洁京东自营官方旗舰店
"猫人4条装女士内裤女纯棉抑菌底裆少女三角内裤女ins风简约甜美无痕中腰透气女式内裤L								【猫人正品保障】，秋尚新狂欢来袭，京东旗舰店极速发货！更多好物等你来挑~查看",https://img11.360buyimg.com/n7/jfs/t1/172442/11/18050/119291/60e2d840E868e15e3/dcb29f437530dc76.jpg,49.9,猫人京东自营旗舰店
左右季结婚红包袋大小号2021新款婚庆用品大婚礼创意堵门用迷你利是封烫金-彩印古装新人红包千元款【30个装】（平铺可放2000）,https://img11.360buyimg.com/n7/jfs/t1/189760/37/9509/210133/60d04191Eba8f8b28/67418e1de1805a2d.jpg,16,左右季点缀专卖店
"高洁丝臻选纯棉组合8包64片（240mm日用*26片+280mm夜用*12片+420mm夜用*6片+护垫*20片）新老包装随机发货								【爆款】高洁丝蜜桃小姐夜安裤，109元2件，快来抢购快来抢购",https://img11.360buyimg.com/n7/jfs/t1/209062/23/11862/587624/61b05217Ec7a514d3/883884134cce7d1d.jpg,98.8,高洁丝京东自营官方旗舰店
"保罗・弗希尼帽子男春秋新款棒球帽时尚潮流百搭户外登山鸭舌帽四季旅游钓鱼遮阳帽男女同款黑色【收藏+关注送冰袖小礼物】								潮牌男女通用款，街头韩版潮流ins风。百搭时尚。质量保证售后无忧，送运费险！",https://img13.360buyimg.com/n7/jfs/t1/177585/27/17728/697512/610a62eeE6c408e93/33e197b21205f865.png,25.9,保罗・弗希尼旗舰店
芝麻夹心脆海苔40g罐装儿童零食即食海苔现货新日期无名小卒锅巴任意6罐(备注口味,https://img10.360buyimg.com/n7/jfs/t1/139934/32/4908/152036/5f2e74ecE6e623714/331e1cd22c508504.jpg,74.35,金瑞丰农资专营店
"奥克斯(AUX)1.5匹新3级能效易拆银离子滤网变频冷暖京裕Ⅱ空调挂机(KFR-35GW/BpR3AQE1(B3))以旧换新								【黄金4小时】限时到手价不高于1999元！【限时下单加赠限量果汁机】商详领券立减100！【12.12家电年度好物盛典】看直播抢300大额券！货源紧张",https://img11.360buyimg.com/n7/jfs/t1/156066/21/28139/565394/61b45d60E0c23c22a/1e3b828504aac28f.jpg,2099,奥克斯空调京东自营旗舰店
"中国科幻基石丛书：三体全集+超新星纪元+球状闪电（套装共5册）								京东图书12.12年终狂欢盛典，部分品质好书每满100减50，满减叠券更优惠！点击",https://img11.360buyimg.com/n7/g13/M00/0F/1A/rBEhVFJWgtQIAAAAABYy8ainCvkAAD_CwIhjcQAFjMJ922.jpg,139,科幻世界京东自营店
"大姨妈神器送女友生日礼物女生女朋友痛经按摩暖腰圣诞节礼物圣诞礼物情人节平安夜月经礼盒送老婆暖宝宝贴app暖宫腰带生理期经期暖宫贴暖手宝...								手机微信扫码即用【大中城市次日达】【浪漫氛围灯惊喜礼盒】【14天价格保护】暖羊羊款姨妈神器",https://img13.360buyimg.com/n7/jfs/t1/173294/31/14869/163879/60c95f9bE588b0762/bc5f772c3ee5076a.jpg,156,黄胜记京东自营旗舰店
"理肤泉新B5多效修复乳霜40ml(B5修护霜淡化印痕痘印呵护受损肌肤法国原装进口)								【12.12年终盛典】爆款直降赠B5面膜1片【理愈敏感】B5万能霜，急护受损肌肤【入会抢价值￥139高阶焕肤礼包】",https://img10.360buyimg.com/n7/jfs/t1/214161/36/7175/470991/61b1f654E998d99b6/005e0a6e0948c45b.jpg,89,理肤泉京东自营官方旗舰店
"Dior迪奥口红999哑光滋润720限定888/520女士不沾杯圣诞节礼物礼盒送女生女友老婆生日唇膏新款迪奥（Dior）口红999正红锻光								送香水小样、专柜礼盒、专柜手提袋",https://img12.360buyimg.com/n7/jfs/t1/206473/5/12446/110576/61b4365aE0ccdb685/75d0be665d276ee9.jpg,228,老羊美妆专营店
特产馆辣条好肉麻辣条小时候的小零食90后怀旧好肉麻手撕牛味好肉麻30包好肉麻10包,https://img11.360buyimg.com/n7/jfs/t1/214981/3/6570/180536/61aa0c66E8e1d3bc1/f766820f325c7795.jpg,14.8,华运食品专营店
"妙洁抗菌海绵百洁布洗碗清洁海绵易吸水去油污实惠10片装多色区分								11日20点钜惠开抢,妙洁清洁部分满199减100,爆款2件6折，叠领券满199再减35,下单送超多实物好礼，快来进店囤货吧!点击查看",https://img10.360buyimg.com/n7/jfs/t1/173536/21/22202/96327/61b30b2cE6dbf96a8/d95a303ca1240ca8.jpg,14.8,妙洁京东自营旗舰店
"利临扫把扫帚防风梳齿型白色簸箕笤帚梳齿型篦齿畚箕扫地搓斗家用(组合2件套装)								今晚8点，家庭清洁双十二全场特惠，免手洗拖把、智能垃圾桶、抽绳垃圾袋、一次性抹布、玻璃擦、魔术扫把、进口清洁，更多好物年底大狂欢，点击参与！",https://img11.360buyimg.com/n7/jfs/t1/152640/23/9955/127486/5fd709f7E652dec57/5b054ff1ab12e8b4.jpg,15.8,利临家居京东自营专区
【家乡好味道_网红蛋黄锅巴220gx4袋】蟹香蛋黄味蟹黄味休闲零食蛋黄味,https://img10.360buyimg.com/n7/jfs/t1/187892/32/17142/253536/610e4238E486e0a14/0a759287dccc1129.jpg,234,德恒食品专营店
"茶花洗脸盆27CM塑料盆子家务清洁洗菜盆颜色随机发货0505								【11日20点-茶花清洁双十二全场特惠】满折+领券，优惠折上折，免手洗拖把、脸盆、垃圾桶、抹布等超多商品,等您来抢！(此商品不参加上述活动)",https://img12.360buyimg.com/n7/jfs/t1/156404/20/23113/417609/61810d04E255f18b7/7e057f967c6e5288.jpg,8.9,茶花京东自营旗舰店
"百家好世免手洗平板拖把办公室木地板懒人擦地墩布自动回弹家用吸水托地把除尘清洁拖地神器共3块布								爆款平板拖把12.12限时秒杀18.8元，下单1件7.5折2件6.5折，单件到手仅12.3元，历史低价，数量有限！立即抢购",https://img12.360buyimg.com/n7/jfs/t1/138363/24/24519/201465/61b45cc1E5db2048c/22c96235e0b0b376.jpg,18.8,百家好世京东自营旗舰店
林清玄散文集全4册愿你归来仍是少年岁月静好不忘初心不恋过往不负流年心外无物随遇而安预售,https://img12.360buyimg.com/n7/jfs/t1/209037/7/12073/341680/61b17281Ec3b80c80/39c06d10d56bc31a.jpg,64.8,华越图书专营店
"川泽鱼钩绑好子线双钩鱼钩套装伊豆金海夕鱼钩防缠绕成品全套双钩有刺海夕2(钩3#线0.6#+钩4#线0.8#)各10付共20付								川泽鱼钩绑好子线双钩鱼钩套装伊豆金海夕鱼钩防缠绕成品全套双钩有刺海夕2(钩3#线0.6#+钩4#线0.8#)各10付共20付",https://img13.360buyimg.com/n7/jfs/t1/173129/37/22107/256952/61b4514eEeb89a88f/775f0d72818627f8.jpg,19.8,川泽旗舰店
"【一喷见效】男性延时喷剂印度神油男用延迟喷雾男士持久射不延长膏硬久外用暂时环性用品成人夫妻房事廷时8ml：升级款不麻木【可用30次左右】								全国7大仓就近发货，部分地区当日达!【上百人测试，效果巨好！不满意可退】房事享受，没有麻木，只有快感！包装无敏感词汇，护您隐私！",https://img14.360buyimg.com/n7/jfs/t1/174475/13/14401/113083/60c45536E2581dc24/e8b54f9d500efe34.jpg,85,匠心济世大药房旗舰店
桂花糕适合中老年人父母吃的营养健康食品长辈礼品零食小吃250g手工桂花糕(适合牙口不好的老人),https://img13.360buyimg.com/n7/jfs/t1/202246/25/12205/209145/619b49e9Ee28f1dc1/aef641c30e6c61f5.jpg,96,启星休闲零食专营店
"广博(GuangBo)20cm软直尺办公学生学习文具绘图尺子单把装颜色随机H05015								【12.12年末7折狂欢】爆款软直尺低至2件8折3件7折，到手价￥1.75，更有满额送百元E卡！速抢！",https://img12.360buyimg.com/n7/jfs/t1/68713/29/17289/184946/61234250E86c02cd6/568b378c99443dc5.jpg,2.5,广博京东自营官方旗舰店
"美丽雅静电除尘掸不扬灰吸尘神器家务清洁缝隙除尘刷扫灰家用鸡毛掸组合装共3块除尘掸布								【11日20点开抢】前6小时限时加赠，部分限时立减抢不停！更多超低优惠惊喜等你来抢优惠猛戳！(此商品不参加上述活动)",https://img10.360buyimg.com/n7/jfs/t1/168935/39/26344/560536/61b45fd1E9cdaf3ea/9fb550f32eda014b.jpg,18.8,美丽雅京东自营旗舰店
5折海鲜礼盒1596g大连特产零食一整箱组合装年货礼盒当鲜好礼1596g-大红色,https://img14.360buyimg.com/n7/jfs/t1/215898/1/5891/108746/619f4798Ebed9cf0c/94261c53bce4c697.jpg,785,恒立天丰食品专营店
"除味茶叶梗新房去甲醛新车用吸甲醛茶叶包铁观音茶叶茶骨去味吸味包								【茶梗好，才有效！安溪铁观音茶梗每箱10包装，醇厚浓香型！】【附送分装袋+强力粘钩，立体除味，快速入住！】【更有清香型茉莉花茶梗火热销售中，点击查看！】",https://img13.360buyimg.com/n7/jfs/t1/158959/3/7710/302048/602fbcd9Eca3b0d85/613f91b9a9f952d3.jpg,49.8,微光树家居旗舰店
"大卫天然羊毛可收纳除尘掸子拓朴家用扫灰天花板蜘蛛网清洁神器大扫除鸡毛掸								家庭清洁全场特惠，免手洗拖把、智能垃圾桶、抽绳垃圾袋、一次性抹布、玻璃擦、魔术扫把、进口清洁，更多好物点击一次购齐！",https://img13.360buyimg.com/n7/jfs/t1/176655/38/7276/57534/608bd96bE4d65ca30/98d12f056df7e293.jpg,54.5,大卫清洁京东自营旗舰店
石脆佳（Crush）重庆石柱特产石好佳薯片麻辣洋芋片土豆片果果膨化零食品整箱60克独立装10包（麻辣）收藏送小吃,https://img11.360buyimg.com/n7/jfs/t1/159973/33/22956/749022/6168f0ecE442825f0/07dac804188a5da4.jpg,24.62,重庆美食馆优创店
"五月花拖把特大号刮刮桶免手洗拖把干湿两用平板拖布家用墩布网红懒人拖地神器2拖把4配布								【五月花12.12巅峰盛宴】全店直降！爆款刮刮桶到手价119，限时赠扫把套装！手慢无，快冲！点击即刻拥有！",https://img10.360buyimg.com/n7/jfs/t1/217701/27/3633/143783/61889677E5ec4cbef/52da9ccae632fc96.jpg,239,五月花京东自营官方旗舰店
"北京同仁堂菊花决明子茶枸杞胎菊牛蒡根蒲公英非五宝熬夜栀子茶金银花桂花组合花草茶袋泡养生茶饮三袋装决明子养肝护肝茶3袋90包(周期装)								中华老字号，百年同仁堂!好茶好方，搭配人参玛咖五宝茶立减30，强烈推荐！点击抢购",https://img14.360buyimg.com/n7/jfs/t1/206135/29/15716/556193/6194cb5aE919870ad/b7deccb0938a0f5b.jpg,99,至名温树旗舰店
5折【京东好物】花椒锅巴6袋装花椒世家手工锅巴网红麻辣零食陕西特产小吃【3口味6袋装】椒香味+麻辣味+爆辣味,https://img13.360buyimg.com/n7/jfs/t1/164650/13/8976/233502/60442884E58e10c2c/cc76dfe8b620e127.jpg,181,博斯雅食品专营店
"维力健（VELPEAU)颈托护颈椎家用固定支撑护颈带脖套医用颈椎牵引器低头族脖子透气保暖成人男女高雅灰颈长7.5cmM								【12.12年终大促】【疯狂五小时！限时8.5折！】【一类医疗器械认证丨多国品牌商标注册备案】【美国FDA认证】【辣目洋子小红书推荐好品！】【下单即赠换洗套筒】",https://img11.360buyimg.com/n7/jfs/t1/208434/14/11720/356730/61adbb8bEd0293ed6/2441ec6f2d1fe93c.jpg,138,维力健保健器械官方旗舰店
"e洁解忧款自动收口垃圾袋加厚家用款手提式穿绳抽绳免撕式清洁袋45cm*50cm*72只								今晚8点，家庭清洁双十二全场特惠，免手洗拖把、智能垃圾桶、抽绳垃圾袋、一次性抹布、玻璃擦、魔术扫把、进口清洁，更多好物年底大狂欢，点击参与！",https://img14.360buyimg.com/n7/jfs/t1/139239/40/23183/125207/61b44199E586e290d/30e315393b9fdf84.jpg,15.5,e洁京东自营旗舰店
5折高点零食糕点早餐老年人牙口不好宵夜速食懒人食品老婆饼散装绿豆味3斤,https://img11.360buyimg.com/n7/jfs/t1/144813/25/20963/201023/61794168E24df86c1/1b383596a0db164d.jpg,143,金沛食品专营店
"一杯香安溪茶叶铁观音特级2盒共250g礼盒装2021新茶清香型乌龙茶青茶散装茗茶								茗茶双十二狂欢购开启，爆品限时直降，京贴每满200减20，速戳来抢！",https://img13.360buyimg.com/n7/jfs/t1/201942/3/18501/364406/61b46e95Edd0667f7/93c948c2a8781241.jpg,106,一杯香茶叶京东自营旗舰店
"上海女人花好月圆礼盒雪花膏4件套礼盒（雪花膏80g*4随机发货）								【京致好物双十二】领券满119减20，甄选家乡好味道，更有超值好物2件5折，等你来抢~戳这里",https://img11.360buyimg.com/n7/jfs/t1/18108/6/6025/321642/5c480311Ef9aa7ff5/3d78afd6119e8daf.jpg,44,上海化妆品京东自营旗舰店
"富贵竹水培植物绿萝盆栽发财树绿植室内好养花卉植物四季常青富贵竹60-70cm10颗（不含盆）1								下单送营养液",https://img12.360buyimg.com/n7/jfs/t1/18682/19/7200/355464/5c680266Ea51cb290/1c3172c2029af72a.jpg,10,春枝韵官方旗舰店
"一三五八乐活洗鞋刷子组合套装2个多用清洁鞋刷板刷（长柄+握式）小刷子XR-108034								今晚8点，家庭清洁双十二全场特惠，免手洗拖把、智能垃圾桶、抽绳垃圾袋、一次性抹布、玻璃擦、魔术扫把、进口清洁，更多好物年底大狂欢，点击参与！",https://img13.360buyimg.com/n7/jfs/t1/10212/2/11050/423667/5c6b63aeE087d9212/15d7866320d1493f.jpg,16.5,一三五八京东自营旗舰店
"川品社路亚浮钓草鱼线组手工钓鱼神器子线洛阳球球钓浮专用线套装全套绑好前导线路亚款【手工精绑-1米】2号								【路亚浮钓草鱼】手工精绑，2件9折，3件8.8折【促销优惠】下单赠送鱼钩一包路亚钢丝前导线点击购买",https://img13.360buyimg.com/n7/jfs/t1/205425/34/18082/220776/61b4003eEc944cec9/a02a1672762580f0.jpg,11.66,川品社渔具旗舰店
